District,Year,cnn_emb_0,cnn_emb_1,cnn_emb_2,cnn_emb_3,cnn_emb_4,cnn_emb_5,cnn_emb_6,cnn_emb_7,cnn_emb_8,cnn_emb_9,cnn_emb_10,cnn_emb_11,cnn_emb_12,cnn_emb_13,cnn_emb_14,cnn_emb_15,cnn_emb_16,cnn_emb_17,cnn_emb_18,cnn_emb_19,cnn_emb_20,cnn_emb_21,cnn_emb_22,cnn_emb_23,cnn_emb_24,cnn_emb_25,cnn_emb_26,cnn_emb_27,cnn_emb_28,cnn_emb_29,cnn_emb_30,cnn_emb_31
Anantapur,2017,0.6146296262741089,0.0,1.1838099956512451,1.5721683502197266,0.0,1.5356370210647583,0.0,1.5975196361541748,0.0,0.0,0.0,0.0,0.0,0.11940735578536987,2.0206527709960938,1.606496810913086,0.0,0.0,1.8391363620758057,0.0,0.8759429454803467,0.0,0.7508968114852905,2.600339889526367,0.0,0.0,1.9391236305236816,0.0,0.0,0.0,1.7010772228240967,0.0
Chittoor,2017,0.21355926990509033,0.3250725269317627,1.0928566455841064,1.308656930923462,0.0,1.0621298551559448,0.0,1.5995558500289917,0.0,0.0,0.0,0.0,0.0,0.0,1.496434211730957,1.2699902057647705,0.0,0.0,1.3167564868927002,0.0,0.9319144487380981,0.0,0.6052757501602173,1.7253144979476929,0.0,0.0,1.5257327556610107,0.0,0.0,0.0,1.7887840270996094,0.0
East Godavari,2017,0.0,0.0,0.24113893508911133,0.8958193063735962,0.0,1.975201964378357,0.0,0.0,0.0,0.0,0.0,0.0,0.0,0.0,1.7767428159713745,0.8486319780349731,0.0,0.0,2.1158835887908936,0.0,0.0,0.0,0.0,2.3372397422790527,0.0,0.0,0.762546956539154,0.0,0.0,0.0,0.7734360694885254,0.0
Guntur,2017,1.2444850206375122,0.0,0.3050028085708618,0.4583621025085449,0.0,1.750090479850769,0.0,0.0,0.0,0.0,0.0,0.0,0.0,0.0,1.6399799585342407,0.9948997497558594,0.0,0.0,0.8045253157615662,0.0,0.17806315422058105,0.0,0.17140553891658783,1.6400833129882812,0.0,0.0,0.3805713653564453,0.0,0.0,0.0,0.6850128173828125,0.0
Kadapa,2017,3.2380547523498535,2.821225643157959,2.1540277004241943,1.7357109785079956,0.04155588150024414,0.0,0.0,0.0,0.0,0.0,0.0,0.0,0.0,0.0,0.0,2.7729837894439697,0.0,0.0,0.0,0.0,2.4361205101013184,0.5384768843650818,2.272054672241211,0.0,0.0,0.0,0.2555682063102722,1.137750506401062,0.0,0.0,2.8570337295532227,0.8841009140014648
Krishna,2017,1.2396608591079712,0.1154475212097168,1.1931147575378418,1.463740587234497,0.0,1.8562058210372925,0.0,1.6554467678070068,0.0,0.0,0.0,0.0,0.0,0.0,1.9052995443344116,1.7894773483276367,0.0,0.0,1.5287803411483765,0.0,0.9447683095932007,0.0,0.8883363604545593,2.2579078674316406,0.0,0.0,1.643999695777893,0.0,0.0,0.0,1.9006421566009521,0.0
Kurnool,2017,1.444329857826233,0.029703378677368164,1.1704738140106201,1.1803584098815918,0.0,2.2339367866516113,0.0,0.6050678491592407,0.0,0.0,0.0,0.0,0.0,0.20811700820922852,2.4269022941589355,1.5765845775604248,0.0,0.0,1.1777126789093018,0.0,0.7838618755340576,0.0,0.7067831158638,2.478809356689453,0.0,0.0,1.2648770809173584,0.0,0.0,0.0,1.67564058303833,0.0
Nellore,2017,1.0054820775985718,0.0,0.7987401485443115,0.8883373141288757,0.0,1.6609655618667603,0.0,1.2723846435546875,0.0,0.0,0.0,0.0,0.0,0.5525399446487427,2.230287551879883,1.1590681076049805,0.0,0.0,1.4454667568206787,0.0,0.5376701354980469,0.0,0.7307417392730713,2.284151315689087,0.0,0.0,1.575253963470459,0.0,0.0,0.0,0.9771900177001953,0.0
Prakasam,2017,1.3432360887527466,0.1412959098815918,1.1709492206573486,1.5053495168685913,0.0,1.8126364946365356,0.0,1.0820057392120361,0.0,0.0,0.0,0.0,0.0,0.0,2.2964224815368652,1.8884848356246948,0.0,0.0,1.3936506509780884,0.0,0.9321342706680298,0.0,0.7801384329795837,2.3972320556640625,0.0,0.0,1.7011406421661377,0.0,0.0,0.0,1.8647267818450928,0.0
Srikakulam,2017,0.0,0.0,0.0,0.0,0.0,1.1049305200576782,0.0,1.089808464050293,0.0,1.039823055267334,0.12298721075057983,0.201729416847229,0.17162740230560303,0.4274628162384033,0.0,0.0,0.0,0.0,3.2860398292541504,0.0,0.0,0.0,0.0,0.020367562770843506,0.0,0.0,0.0,0.0,0.7696365714073181,0.9616339206695557,0.47388482093811035,0.0
Visakhapatnam,2017,0.04405701160430908,0.0,0.4403764009475708,0.7915951609611511,0.0,1.1436423063278198,0.0,1.842740774154663,0.0,0.0,0.0,0.0,0.0,0.4515526294708252,0.7714738845825195,0.5008432269096375,0.0,0.0,2.5621495246887207,0.0,0.15797638893127441,0.0,0.0,1.44956374168396,0.0,0.0,1.1747710704803467,0.0,0.0,0.0,0.5610001087188721,0.0
Vizianagaram,2017,0.0,0.0,0.0,0.0,0.0,0.6106880903244019,1.1534905433654785,0.09247899055480957,1.048176646232605,2.023362398147583,1.172501564025879,1.6943271160125732,1.6069658994674683,1.1899454593658447,0.0,0.0,0.0,0.0,2.9082634449005127,0.0,0.0,0.0,0.0,0.0,0.0,0.0,0.0,0.0,1.9085960388183594,2.0931296348571777,0.0,0.0
West Godavari,2017,0.42833471298217773,0.0,0.5885556936264038,1.1156797409057617,0.0,1.3431371450424194,0.0,1.7151212692260742,0.0,0.0,0.0,0.0,0.0,0.0,1.1139793395996094,1.1473299264907837,0.0,0.0,2.19209361076355,0.0,0.26311302185058594,0.0,0.28488874435424805,1.6174659729003906,0.0,0.0,1.2785956859588623,0.0,0.0,0.0,1.182401180267334,0.0
Anantapur,2018,0.0,0.0,0.0,0.0,1.471919059753418,0.0,0.0,0.0,1.3364927768707275,1.4459960460662842,0.0,1.037347674369812,0.0,0.0,1.7257964611053467,0.0,0.0,1.0658169984817505,1.7526400089263916,0.0,0.3580479621887207,0.9732822179794312,1.4344195127487183,0.9361840486526489,0.03013896942138672,1.5745221376419067,0.0,0.7675807476043701,0.0,0.0,0.0,1.272465705871582
Chittoor,2018,2.5961904525756836,1.0991952419281006,0.0,0.0,0.0,1.6229802370071411,1.8717288970947266,1.7592551708221436,0.0,1.3609116077423096,0.8503808975219727,0.0,1.1755926609039307,2.7839267253875732,0.0,2.4552314281463623,1.5886290073394775,0.0,0.0,0.0,0.0,1.163668155670166,0.0,1.1253114938735962,0.0,0.0,2.7477352619171143,1.4268395900726318,0.0,0.9358850121498108,1.7226394414901733,1.2527852058410645
East Godavari,2018,0.0,1.0540449619293213,1.3499789237976074,0.0,0.4549717903137207,0.0,0.0,0.5053977966308594,0.33897262811660767,0.0,0.8327614665031433,0.7183371782302856,1.205963373184204,0.0,0.11376243829727173,0.0,0.5345940589904785,0.0,0.0,0.0,0.7352697849273682,0.0,0.5999516248703003,0.0,0.0,0.47968590259552,0.0,0.20672309398651123,0.8931353092193604,0.0,0.20008420944213867,0.0
Guntur,2018,0.0,0.0,0.0,0.15367412567138672,0.9687877893447876,0.0,0.06685948371887207,0.6325335502624512,0.7099091410636902,1.1310107707977295,0.0,1.3659294843673706,0.0,0.6783447265625,1.5924341678619385,0.0,0.0,0.9034063220024109,1.0055902004241943,0.347276896238327,0.7177139520645142,0.9437171220779419,1.2058438062667847,0.06338346004486084,0.34148168563842773,0.9448708295822144,0.4928485155105591,0.8748834133148193,0.3878316879272461,0.0,0.0,1.3242605924606323
Kadapa,2018,0.3427301049232483,0.0,0.0,0.0,0.0,1.9075491428375244,0.4457244873046875,0.0,0.0,1.0357449054718018,0.0,0.0,0.0,0.0,0.0,0.6882362961769104,0.1828547716140747,0.17826008796691895,0.19819676876068115,0.0,0.0,1.5527583360671997,0.0,1.5890198945999146,0.0,0.0,1.1944236755371094,0.0,0.0,0.21096928417682648,0.0,0.0
Krishna,2018,1.2683589458465576,0.61285400390625,0.0,1.3139026165008545,0.0,0.42467761039733887,0.2139129638671875,0.0,0.0,1.0384697914123535,0.12679076194763184,0.0,0.16936373710632324,0.5100529789924622,0.0,0.20799171924591064,0.28483831882476807,1.0756689310073853,0.0,1.2269397974014282,0.0,0.9723314046859741,0.0,0.8656967878341675,0.0,0.0,0.8952160477638245,1.8125395774841309,0.939725399017334,0.5820924639701843,0.35431385040283203,1.2914496660232544
Kurnool,2018,0.504379391670227,0.0,0.0,2.3516385555267334,1.1061264276504517,0.0,0.7443320751190186,0.0,0.2822722792625427,0.1419464349746704,0.0,0.32463645935058594,0.0,0.0,0.5925669074058533,0.0,0.0,1.3520692586898804,0.5829652547836304,2.1062004566192627,1.5403687953948975,0.09037324786186218,1.160963535308838,0.0,1.424670696258545,1.1461073160171509,0.07804182171821594,0.9802250862121582,0.45358753204345703,0.0,0.28375279903411865,0.2890412211418152
Nellore,2018,0.5498611927032471,1.6600642204284668,0.03621053695678711,0.0,0.0,0.7725962400436401,0.0,1.5126206874847412,0.0,1.4652674198150635,0.0,0.0,0.7769958972930908,1.0292965173721313,0.0,0.675398588180542,0.0,0.0,0.0,0.0,0.0,1.4490647315979004,0.0,2.5419821739196777,0.0,0.0,1.558221697807312,1.1930460929870605,0.0,1.6554875373840332,0.0,2.185265302658081
Prakasam,2018,1.4074251651763916,0.044327735900878906,0.0,0.32166337966918945,0.0,1.734217643737793,0.5476818084716797,0.05788588523864746,0.0,1.7534189224243164,0.0,0.0,0.0,1.192136287689209,0.0,0.8629035949707031,0.2036341428756714,1.1128466129302979,0.0,0.0,0.0,1.5207020044326782,0.0,1.407321572303772,0.0,0.0,1.9887969493865967,1.259157657623291,0.0,0.7435457706451416,0.34053993225097656,1.5569391250610352
Srikakulam,2018,0.0,0.41841769218444824,0.5316901206970215,0.36683177947998047,0.0,0.0,0.0,0.29358339309692383,0.0,0.0,0.2437150478363037,0.0,0.5228533744812012,0.0,0.0,0.10611498355865479,0.08723592758178711,0.0,0.0,0.0,0.0,0.0,0.0,0.0,0.570563793182373,0.0,0.0,0.0,0.21446990966796875,1.23810613155365,0.5558140277862549,0.0
Visakhapatnam,2018,0.0,0.7965726852416992,1.3089208602905273,0.8911232948303223,0.31525543332099915,0.24606984853744507,0.0,0.0,0.0,0.0,0.3350881338119507,0.0,1.3198964595794678,0.0,0.0,0.0,0.7113251686096191,0.0,0.0,0.8345297574996948,0.22695046663284302,0.0,0.183621346950531,0.0,0.21928167343139648,0.2246912717819214,0.0,0.0,0.0,0.8282116651535034,0.8631708025932312,0.0
Vizianagaram,2018,0.0,0.6806461811065674,1.3930144309997559,0.7823843955993652,0.8517967462539673,0.0,0.026803016662597656,0.7457647323608398,0.0,0.0,1.2753599882125854,0.5521804094314575,1.1051254272460938,0.0,0.0,0.09909236431121826,0.900161862373352,0.0,0.0,0.7997674942016602,0.6390739679336548,0.0,0.6828802824020386,0.0,2.291200637817383,0.29710853099823,0.0,0.0,1.5031795501708984,0.4674166440963745,0.4030578136444092,0.0
West Godavari,2018,0.057519495487213135,0.0,0.11540794372558594,0.8301815986633301,0.9984555244445801,0.0,0.9636807441711426,0.0,0.42118799686431885,0.0,0.6066344976425171,0.3541802167892456,0.2633068561553955,0.35023027658462524,0.17845922708511353,0.07011556625366211,0.48303139209747314,0.02193284034729004,0.384941041469574,0.6539641618728638,0.9623056054115295,0.0,0.5792849063873291,0.0,1.3374147415161133,0.38819730281829834,0.0,0.0,1.319260597229004,0.0,0.40912437438964844,0.0
Anantapur,2019,0.6141786575317383,0.0,1.7234854698181152,1.047507643699646,1.043715476989746,0.0,0.523408055305481,0.0,0.0,0.0,1.2776834964752197,0.6935760974884033,1.2976945638656616,0.9598380327224731,0.0,0.0,1.9048690795898438,0.0,2.3984999656677246,0.6269998550415039,1.2447164058685303,0.0,0.0,0.40173327922821045,1.175766944885254,0.0,0.0,0.0,0.0,1.7348620891571045,0.11335432529449463,0.0
Chittoor,2019,2.0810153484344482,0.6440931558609009,0.8860049843788147,1.0521620512008667,1.1508468389511108,0.0,0.2569500207901001,0.0,0.6747945547103882,0.0,0.9302259683609009,0.5974382758140564,0.5506467819213867,0.22801923751831055,0.0,0.3703092038631439,0.7648530006408691,0.10799741744995117,0.5388197302818298,0.5977020859718323,0.117778480052948,0.9002577662467957,0.0,0.1457168459892273,1.1679115295410156,0.0,0.31484317779541016,0.0,1.2483278512954712,0.8881975412368774,0.67279052734375,0.9264070987701416
East Godavari,2019,0.0,0.7592859268188477,0.0,0.2441556453704834,0.24366742372512817,0.0,0.7863297462463379,0.0,0.0,0.15657994151115417,0.3166193962097168,0.0,0.5543336272239685,0.5759108066558838,0.3669179081916809,0.0,0.0,0.0,0.0,0.2511831521987915,0.0,0.0,0.6101183295249939,0.5453012585639954,0.0,0.5117715001106262,0.23941326141357422,0.2790626287460327,0.0,0.0,0.0,0.9427039623260498
Guntur,2019,1.3529014587402344,0.0,0.8159800171852112,0.8732089996337891,0.843080461025238,0.0,0.28780031204223633,0.0,0.9582939147949219,0.0,0.45545119047164917,0.1939106583595276,0.4281485080718994,0.02719104290008545,0.0,0.6125286817550659,0.5541495084762573,0.0,1.1636778116226196,0.10110890865325928,0.8081680536270142,0.0,0.0,0.0,1.5684165954589844,0.0,0.2090291976928711,0.0,0.1511218547821045,1.0134265422821045,0.5105371475219727,0.0
Kadapa,2019,0.2829909324645996,0.0,0.5801250338554382,0.3052182197570801,0.23709306120872498,0.0,0.0,0.0,1.0101306438446045,0.0,0.0,0.24860292673110962,0.25211822986602783,0.0,0.0,0.5545297265052795,0.8569003343582153,0.0,1.5727771520614624,0.0,1.3165392875671387,0.0,0.0,0.0,1.1126594543457031,0.0,0.0,0.0,0.0,0.9423511028289795,0.49073338508605957,0.0
Krishna,2019,1.572007179260254,0.6104768514633179,0.0,0.5617305040359497,0.8751198053359985,0.09184622764587402,0.3224449157714844,0.0,0.35416853427886963,0.6251506805419922,0.0,0.0,0.0,0.0,1.4598740339279175,0.36540353298187256,0.0,0.0,0.0,0.0,0.27530723810195923,0.03073585033416748,1.2417564392089844,0.0,0.49742937088012695,0.3263622522354126,0.0,0.296816885471344,1.5833284854888916,0.0,0.0,1.6174054145812988
Kurnool,2019,0.6302309036254883,0.0,0.8952380418777466,0.977764368057251,1.1039477586746216,0.0,0.5641719102859497,0.0,0.3881843090057373,0.0,0.6862618923187256,0.16447126865386963,0.7892336249351501,0.5403680205345154,0.0,0.0,1.1272192001342773,0.0,1.8179816007614136,0.2174980640411377,1.3156120777130127,0.0,0.0,0.19325590133666992,1.0057811737060547,0.0,0.0,0.0,0.0,1.5059406757354736,0.0,0.0
Nellore,2019,0.9141826629638672,0.7910799980163574,1.8283143043518066,0.9812785387039185,1.11686110496521,0.0,0.30817902088165283,0.0,0.310640811920166,0.0,1.256206750869751,0.846047043800354,1.1516749858856201,0.9299701452255249,0.0,0.10408911108970642,0.8966805934906006,0.284493088722229,1.1242351531982422,0.9558340311050415,0.0,1.038960576057434,0.0,0.41250598430633545,0.9121384620666504,0.0,0.0,0.0,0.5099799633026123,1.41606605052948,0.30274438858032227,0.12395334243774414
Prakasam,2019,0.8118419647216797,0.031910061836242676,1.712097406387329,1.0944149494171143,0.8462936282157898,0.0,0.33865833282470703,0.0,0.835175633430481,0.0,1.2213764190673828,0.9188916683197021,1.1715511083602905,0.7505507469177246,0.0,0.0,1.708951473236084,0.09455287456512451,1.8314467668533325,1.0655276775360107,0.5940737724304199,0.3143693208694458,0.0,0.6670316457748413,1.3362188339233398,0.0,0.17319488525390625,0.0,0.0,1.8645246028900146,0.7139791250228882,0.0
Srikakulam,2019,1.2930355072021484,0.0,0.0,0.17234301567077637,0.3524262607097626,0.0,0.2906736135482788,0.0,0.6616090536117554,0.14970847964286804,0.0,0.0,0.0,0.0,0.8615095615386963,0.1178937628865242,0.0,0.0,0.0,0.0,0.6261615753173828,0.0,0.7123702764511108,0.0,0.48212671279907227,0.39743921160697937,0.7621288299560547,0.0,0.5004990100860596,0.0,0.0796968936920166,0.07972955703735352
Visakhapatnam,2019,0.9456577301025391,0.5282882452011108,0.0,0.5257788896560669,0.3325861096382141,0.0,0.6828968524932861,0.0,0.5226062536239624,0.0507623553276062,0.0,0.0,0.0,0.0,0.9172379374504089,0.0,0.0,0.0,0.0,0.0939873456954956,0.0,0.0,0.4828975200653076,0.5843764543533325,1.0577659606933594,0.4947487711906433,1.634612798690796,0.0,0.026311874389648438,0.0012699365615844727,0.0,0.7052202224731445
Vizianagaram,2019,1.5158817768096924,0.991634726524353,0.0,0.7868309020996094,0.7138740420341492,0.0,1.449963092803955,0.0,0.08878874778747559,0.5382901430130005,0.0,0.0,0.0,0.0,1.3804798126220703,0.0,0.0,0.0,0.0,0.0,0.12621551752090454,0.0,1.7547404766082764,0.592439591884613,0.42757225036621094,0.7092041969299316,0.0,0.0,0.8439090251922607,0.0,0.0,1.6422715187072754
West Godavari,2019,0.0,1.6428842544555664,0.0,0.6963553428649902,0.636120080947876,0.0,1.324722170829773,0.0,0.0,0.0,0.43300122022628784,0.0,1.057733416557312,0.9616521596908569,0.016043782234191895,0.0,0.036599770188331604,0.0,0.0,0.6985863447189331,0.0,0.0,0.6366084814071655,1.0791261196136475,0.0,0.0,0.4799771308898926,0.0,0.0,0.4226123094558716,0.0,0.4455385208129883
Anantapur,2020,0.0,0.9964356422424316,0.0,1.209742546081543,0.0,0.0,1.2728441953659058,0.0,1.0061395168304443,0.0,0.07585954666137695,0.664318323135376,0.0,0.0,0.0516965389251709,0.25986504554748535,1.5545363426208496,1.2451820373535156,0.0,0.479015588760376,0.0,0.44233405590057373,0.8194894790649414,0.6008157730102539,0.06360089778900146,1.0532152652740479,0.0,0.0,1.2227383852005005,0.0,0.7871145606040955,1.2330493927001953
Chittoor,2020,1.4217934608459473,1.4672694206237793,0.04759013652801514,1.8001313209533691,0.0,0.0,1.109318494796753,0.7726227045059204,1.340057611465454,0.5575329065322876,0.5298819541931152,0.4948086738586426,0.8705677390098572,0.0,1.1906222105026245,0.5037293434143066,1.3412683010101318,0.9111709594726562,0.0,0.7542896270751953,0.0,0.7456775903701782,1.3092305660247803,0.35871434211730957,0.0,0.5587589740753174,0.0,0.0,0.9048488736152649,0.1160135269165039,1.9015088081359863,1.0246663093566895
East Godavari,2020,0.0,0.0,0.0,1.5386765003204346,0.45931148529052734,0.8491394519805908,0.6438441276550293,0.0,0.0,0.0,0.0,0.0,0.0,0.0,0.0,0.0,0.5638645887374878,1.0849428176879883,0.0,0.4806337356567383,0.0,0.7435307502746582,0.7033687829971313,0.34800636768341064,0.2874935269355774,0.5560314655303955,0.0,0.0,0.8247140049934387,0.0,0.881799578666687,1.627098560333252
Guntur,2020,0.44565343856811523,0.0,0.0,0.3521583080291748,0.0,0.1034078598022461,0.6257879137992859,0.0,0.0,0.08667862415313721,0.8618755340576172,0.5237734317779541,0.0,0.0,0.1477910280227661,0.17946696281433105,0.2988748550415039,0.5435872077941895,0.0,0.535602331161499,0.0,0.6021867990493774,0.5162521600723267,0.5278365612030029,0.6030367016792297,0.5261557102203369,0.44704341888427734,0.0,0.37214747071266174,0.0,0.7850421667098999,0.13247132301330566
Kadapa,2020,0.0,0.0,0.0,0.7118585109710693,0.0,0.0,0.5608774423599243,0.0,0.0,0.0,0.0,0.0,0.0,0.0,0.0,0.0,0.6535766124725342,0.8394453525543213,0.0,0.127638578414917,0.0,0.27779388427734375,0.41987335681915283,0.04804575443267822,0.04578515887260437,0.5366783142089844,0.0,0.0,0.5431503057479858,0.0,0.6808552742004395,0.5191078186035156
Krishna,2020,0.8724290728569031,0.0,0.0,0.18832802772521973,0.9649455547332764,0.9757039546966553,0.0,0.0,0.24241304397583008,0.11168253421783447,1.1882500648498535,0.5516602993011475,0.0,0.0,0.3133441209793091,0.1880967617034912,0.08682894706726074,0.0,0.8898435235023499,0.0,0.0,0.26346826553344727,0.12381148338317871,0.2805287837982178,0.8838366270065308,0.006157636642456055,0.7959420680999756,0.4436599612236023,0.13627591729164124,0.0,0.47197893261909485,0.04261279106140137
Kurnool,2020,0.22662949562072754,0.36919140815734863,0.0,0.985558032989502,0.0,0.0,1.4258798360824585,0.0,1.169121503829956,0.6838383674621582,0.7798628807067871,1.3167933225631714,0.0,0.0,0.6505365371704102,0.31093430519104004,0.906883716583252,0.8840413689613342,0.0,1.0039799213409424,0.0,0.9417515993118286,0.8042566776275635,1.2693419456481934,0.7949191331863403,1.1785621643066406,0.43677735328674316,0.0,1.1672859191894531,0.0,1.0815906524658203,0.5911970138549805
Nellore,2020,1.0862855911254883,0.501075267791748,0.0,0.6931967735290527,0.37932288646698,0.44880175590515137,1.0652103424072266,0.0,1.055314540863037,0.8409517407417297,0.7716765403747559,1.2838085889816284,0.0,0.08047342300415039,0.0,0.0,0.7527346611022949,0.7539664506912231,0.0,1.423100471496582,0.5114723443984985,0.8750014305114746,0.7973513603210449,1.087057113647461,1.1362175941467285,0.5043392181396484,0.49984216690063477,0.0,1.33891761302948,0.0,0.8503104448318481,0.552034854888916
Prakasam,2020,0.0,0.2647836208343506,0.0,0.7075209617614746,0.0,0.0,1.324935793876648,0.0,1.1298081874847412,0.09301471710205078,0.0,0.8326518535614014,0.0,0.0,0.0,0.0,0.5982251167297363,1.1223185062408447,0.0,0.8177657127380371,0.0,1.1060855388641357,0.8793796300888062,1.075154423713684,0.144883394241333,1.3579466342926025,0.0,0.0,1.1421079635620117,0.0,1.1456916332244873,0.4956374168395996
Srikakulam,2020,0.5489071607589722,0.18101716041564941,0.4161468744277954,0.34393954277038574,0.0,0.0,0.22590911388397217,0.18134531378746033,0.0,0.0,0.0,0.0,0.3292046785354614,0.0,0.07605099678039551,0.30191493034362793,0.04969906806945801,0.334982305765152,0.2806773781776428,0.0,0.0,0.04592299461364746,0.25647473335266113,0.0,0.0,0.0,0.0,0.0,0.0,0.0,0.664592981338501,0.3983311653137207
Visakhapatnam,2020,0.0,0.0,0.5892467498779297,1.18851900100708,0.0,0.0,0.1036520004272461,0.0,0.0,0.0,0.0,0.0,0.0,0.0,0.7386792898178101,0.0,1.1643139123916626,1.3519513607025146,0.3013220429420471,0.0,0.0,0.03798699378967285,0.601850152015686,0.0,0.0,0.6339099407196045,0.0,0.0,0.0,0.0,1.5610790252685547,1.4969940185546875
Vizianagaram,2020,0.0,0.9605164527893066,0.08854258060455322,1.1237592697143555,0.0,0.0,0.8663565516471863,0.18837207555770874,1.0719506740570068,0.0,0.0,0.0,0.0872577428817749,0.0,0.5952986478805542,0.0,1.4584083557128906,1.2504193782806396,0.0,0.0,0.0,0.33070170879364014,0.9268090724945068,0.0,0.0,0.6945302486419678,0.0,0.0,0.0,0.0,1.2617907524108887,1.3629603385925293
West Godavari,2020,0.0,0.0,0.0,1.5326197147369385,0.0,0.20918893814086914,1.1602184772491455,0.0,0.18349933624267578,0.0,0.0,0.4855613708496094,0.0,0.0,0.0,0.0,0.8897628784179688,1.3856468200683594,0.0,0.16316604614257812,0.0,0.8382350206375122,0.9605057239532471,0.3990117311477661,0.05789628624916077,0.9394083023071289,0.0,0.0,1.0354427099227905,0.0,1.0799381732940674,1.5030035972595215
Anantapur,2021,0.6704905033111572,1.205955982208252,0.0,0.7494425773620605,1.2663074731826782,0.14779877662658691,0.0,0.595362663269043,1.3830516338348389,0.17930102348327637,0.0573655366897583,0.0,0.0,1.2907512187957764,0.0,0.0,0.0,1.4311552047729492,1.3308614492416382,0.9423792362213135,0.7491278648376465,0.0,0.3122767210006714,0.0,0.0,0.0,0.0,1.3658546209335327,0.0,0.0,0.384721040725708,1.2636454105377197
Chittoor,2021,1.324187994003296,0.43658578395843506,0.7098182439804077,0.2920405864715576,0.7188901901245117,0.45832180976867676,0.0,0.8954643607139587,0.6633022427558899,0.21667122840881348,0.1917179822921753,1.1690131425857544,0.9205753803253174,0.0,0.5611985921859741,0.038979023694992065,0.26198139786720276,0.96797776222229,0.4025465250015259,0.5504575967788696,0.45497822761535645,0.2224271297454834,0.9837758541107178,0.04518556594848633,0.6297504305839539,0.0,0.15155014395713806,0.7361804246902466,1.3713138103485107,0.8006933927536011,1.4268603324890137,0.0
East Godavari,2021,0.9344875812530518,0.0,0.08367204666137695,0.0,0.0,0.0,0.020615577697753906,0.1449449360370636,0.21657192707061768,0.0,1.0641558170318604,0.4198470115661621,0.9212381839752197,0.0,0.12352219223976135,0.9112800359725952,0.5942199230194092,0.47777676582336426,0.0,0.31114187836647034,0.34402143955230713,1.6306443214416504,0.3303039073944092,0.9454231262207031,0.45916008949279785,0.0,1.293760895729065,0.14357483386993408,0.5230503082275391,0.7303178310394287,0.14055347442626953,0.0
Guntur,2021,0.42970776557922363,0.6465390920639038,0.06822282075881958,1.2334258556365967,0.9334355592727661,0.5166726112365723,0.0,0.6370324492454529,0.6834602952003479,0.39271795749664307,0.0,0.0,0.0,0.5699548721313477,0.0,0.0,0.0,0.9279665946960449,0.8164346814155579,0.5103086233139038,0.0,0.0,0.2993580102920532,0.0,0.0,0.0,0.0,0.716740608215332,0.2282252311706543,0.0,1.033416509628296,1.026786208152771
Kadapa,2021,0.15697121620178223,0.3762704133987427,0.0,0.05032944679260254,0.37319809198379517,0.0,0.0,0.0,0.46280115842819214,0.0,0.26049530506134033,0.0,0.0,0.7019932270050049,0.0,0.0,0.0,0.5609214305877686,0.5369650721549988,0.23636743426322937,0.0,0.020258158445358276,0.0,0.0,0.0,0.0,0.022160083055496216,0.5777871012687683,0.0,0.0,0.0,0.8762782216072083
Krishna,2021,0.8113505840301514,0.0,0.0,0.0,0.0,0.4081385135650635,1.2775359153747559,0.0,0.0,1.0434463024139404,0.0,0.7456746101379395,1.360980749130249,0.0,0.04189342260360718,0.3885280191898346,0.43458327651023865,0.4646303653717041,0.0,0.0,0.0,1.0234293937683105,0.0,0.430743932723999,0.062043726444244385,0.7623100280761719,0.0,0.0,0.9083056449890137,0.04606771469116211,0.09096574783325195,0.06196129322052002
Kurnool,2021,0.7967321872711182,1.1585488319396973,0.3141723871231079,1.3309491872787476,1.2020585536956787,0.5093884468078613,0.0,1.0205632448196411,1.039067268371582,0.33435118198394775,0.0,0.0,0.0,1.0718188285827637,0.0,0.0,0.0,1.4374520778656006,1.3067768812179565,0.9299067258834839,0.36886024475097656,0.0,0.8019881844520569,0.0,0.0,0.0,0.0,1.29451322555542,0.0,0.0,0.9162986278533936,1.0451205968856812
Nellore,2021,0.8651626110076904,0.6073848605155945,0.0,0.021053552627563477,1.1086056232452393,0.4658987522125244,0.0,0.17282217741012573,1.0520790815353394,0.8014808297157288,0.17027819156646729,0.0,0.0,0.7127482891082764,0.0,0.0,0.0,0.9507665634155273,0.7624415159225464,0.557199239730835,1.0217134952545166,0.0,0.29256391525268555,0.0,0.0,0.09890604019165039,0.06880244612693787,0.8031367063522339,0.0,0.0,0.29681968688964844,0.5637773275375366
Prakasam,2021,0.4443016052246094,1.220471739768982,0.7259055972099304,1.7005293369293213,1.586536169052124,0.7455012798309326,0.0,1.364911437034607,1.2441436052322388,0.0,0.0,0.0,0.0,1.276444673538208,0.0,0.0,0.0,1.2705838680267334,1.3173657655715942,1.1972029209136963,0.7416977882385254,0.0,1.0651609897613525,0.0,0.0,0.0,0.0,1.4599863290786743,0.0,0.0,1.364001989364624,0.8898105621337891
Srikakulam,2021,0.3896021842956543,0.0,0.0,0.0,0.0,0.0,0.7621974945068359,0.0,0.0,0.06366562843322754,0.013234615325927734,0.5994658470153809,0.8555581569671631,0.0,0.0,0.12016966938972473,0.3374401032924652,0.45862913131713867,0.0,0.0,0.0,0.7757930755615234,0.0,0.30980515480041504,0.0,0.0,0.5592638254165649,0.008507609367370605,0.10412764549255371,0.20687055587768555,0.0,0.5675904750823975
Visakhapatnam,2021,0.58194899559021,0.0,0.3692542314529419,0.0,0.0,0.0,0.0,0.0,0.0,0.0,1.204549789428711,0.4593319892883301,1.0315220355987549,0.0,0.09988915920257568,1.1046980619430542,0.7896697521209717,0.17310261726379395,0.0,0.1562468409538269,0.0,1.5301698446273804,0.1761767864227295,1.2934134006500244,0.29028505086898804,0.0,1.316907286643982,0.0,0.11912965774536133,1.0487730503082275,0.0,0.0
Vizianagaram,2021,1.7917463779449463,0.0716860294342041,0.026391446590423584,0.0,0.0,0.0,0.24582839012145996,0.0,0.23056447505950928,0.0,1.2172739505767822,0.5082874298095703,1.4305145740509033,0.0,0.08352106809616089,0.7935876846313477,0.583598256111145,0.9619307518005371,0.0,0.2706216275691986,0.36370158195495605,1.858561635017395,0.4205218553543091,1.0380268096923828,0.29644685983657837,0.0,1.2643495798110962,0.39574170112609863,0.9415512084960938,0.9386743307113647,0.45151853561401367,0.0
West Godavari,2021,1.447951078414917,0.1417313814163208,0.0,0.0,0.053015053272247314,0.0,0.07598876953125,0.13307827711105347,0.4899919629096985,0.0,1.1410388946533203,0.24471640586853027,0.6820755004882812,0.0,0.0,0.4931422770023346,0.3501216471195221,0.9954025745391846,0.0,0.4018664062023163,0.4619356393814087,1.3114914894104004,0.2720773220062256,0.9336347579956055,0.20566993951797485,0.0,1.4766013622283936,0.5859435796737671,0.29452991485595703,0.34377217292785645,0.525538444519043,0.10387945175170898
