District,Year,Season,Crop,SownArea,Yield_Tonne_per_Hectare,HeatStressDays_gt35C,Rain_Early_mm,Rain_Late_mm,Rain_Mid_mm,Rain_Total_mm,Temp_Mean_C,Clay_pct,Elevation_m,OrganicCarbon_g_kg,Sand_pct,Slope_deg,Soil_pH,Rain_Early_Share,Rain_Mid_Share,Rain_Late_Share,Rain_GrowthPhase_mm,Rain_Seasonality_Index,Heat_Rain_Stress,tile_path,tile_nodata_fraction
Anantapur,2017,Kharif,Rice,12293.000000,2.508013,5.127583,69.294529,212.225116,302.221314,583.740958,26.221426,26.361073,485.430247,8.551640,52.008599,1.755928,7.174609,0.118708,0.517732,0.363560,371.515842,0.399024,0.008769,data\processed\tiles\Anantapur_2017.npy,0.918900
Chittoor,2017,Kharif,Rice,15061.000000,3.570015,12.760661,219.709131,281.381241,378.199632,879.290003,26.651805,27.487681,467.993159,11.719258,46.294552,3.623439,6.511106,0.249871,0.430119,0.320010,597.908763,0.180248,0.014496,data\processed\tiles\Chittoor_2017.npy,0.798900
East Godavari,2017,Kharif,Rice,225683.000000,3.420001,5.477583,507.273105,198.752860,409.566524,1115.592489,27.319767,31.072053,181.388693,21.835587,39.950019,4.186600,6.073937,0.454712,0.367129,0.178159,916.839629,-0.087583,0.004906,data\processed\tiles\East_Godavari_2017.npy,0.842700
Guntur,2017,Kharif,Rice,183828.000000,4.170001,8.722237,344.305625,122.364731,319.619685,786.290041,28.534545,30.894568,84.255991,10.986789,41.430849,1.112679,6.579975,0.437886,0.406491,0.155623,663.925310,-0.031395,0.011079,data\processed\tiles\Guntur_2017.npy,0.748600
Kadapa,2017,Kharif,Rice,30717.000000,2.295016,21.166512,192.158594,189.709013,327.404335,709.271941,27.998659,28.785538,289.472676,11.253384,44.788077,3.601214,6.867941,0.270924,0.461606,0.267470,519.562928,0.190682,0.029801,data\processed\tiles\Kadapa_2017.npy,0.449400
Krishna,2017,Kharif,Rice,235984.000000,3.944000,6.346815,437.021462,148.069431,317.841382,902.932275,28.387651,31.415302,46.687282,13.913868,39.882850,0.863440,6.190167,0.484002,0.352010,0.163987,754.862844,-0.131992,0.007021,data\processed\tiles\Krishna_2017.npy,0.883800
Kurnool,2017,Kharif,Rice,59592.000000,3.473000,7.794762,237.038210,161.063925,355.932571,754.034707,27.029811,30.899585,356.470752,10.182560,44.723202,1.706942,7.145394,0.314360,0.472037,0.213603,592.970782,0.157678,0.010324,data\processed\tiles\Kurnool_2017.npy,0.840900
Nellore,2017,Kharif,Rice,21184.000000,3.825009,42.109116,180.745763,190.453874,247.354293,618.553930,29.439755,29.411281,78.208705,11.915617,44.391867,1.467800,6.700981,0.292207,0.399891,0.307902,428.100055,0.107684,0.067967,data\processed\tiles\Nellore_2017.npy,0.802000
Prakasam,2017,Kharif,Rice,27547.000000,3.903982,20.439481,248.250993,123.286341,331.989079,703.526414,28.431474,29.057219,181.455793,11.564427,44.934890,2.558736,6.864488,0.352867,0.471893,0.175241,580.240073,0.119026,0.029012,data\processed\tiles\Prakasam_2017.npy,0.889100
Srikakulam,2017,Kharif,Rice,210682.000000,2.520998,5.727756,567.328334,228.003959,442.598230,1237.930522,27.896860,29.635969,83.366273,12.383356,41.846612,2.765763,6.314286,0.458288,0.357531,0.184182,1009.926564,-0.100757,0.004623,data\processed\tiles\Srikakulam_2017.npy,0.756200
Visakhapatnam,2017,Kharif,Rice,104922.000000,2.086998,2.931064,552.833672,206.218592,529.872652,1288.924916,25.415131,30.571035,505.512859,18.669241,42.951270,7.616594,6.048488,0.428911,0.411097,0.159993,1082.706324,-0.017814,0.002272,data\processed\tiles\Visakhapatnam_2017.npy,0.887400
Vizianagaram,2017,Kharif,Rice,122675.000000,2.971999,5.469461,617.965583,217.362803,535.880837,1371.209223,27.250056,30.027398,190.788210,13.505526,42.450759,4.188456,6.362886,0.450672,0.390809,0.158519,1153.846420,-0.059863,0.003986,data\processed\tiles\Vizianagaram_2017.npy,0.572900
West Godavari,2017,Kharif,Rice,226760.000000,3.560998,6.170062,519.493078,183.949035,362.074772,1065.516884,27.957122,30.765663,71.856191,23.062563,40.682445,1.259625,6.046937,0.487550,0.339811,0.172638,881.567850,-0.147739,0.005785,data\processed\tiles\West_Godavari_2017.npy,0.891100
Anantapur,2018,Kharif,Rice,21938.000000,2.674492,6.012720,62.856291,46.794246,121.284142,230.934678,26.231657,26.361073,485.430247,8.551640,52.008599,1.755928,7.174609,0.272182,0.525188,0.202630,184.140433,0.253006,0.025924,data\processed\tiles\Anantapur_2018.npy,0.551500
Chittoor,2018,Kharif,Rice,17422.000000,3.680519,16.562414,211.907661,102.023461,221.080823,535.011944,26.837302,27.487681,467.993159,11.719258,46.294552,3.623439,6.511106,0.396080,0.413226,0.190694,432.988484,0.017146,0.030899,data\processed\tiles\Chittoor_2018.npy,0.939400
East Godavari,2018,Kharif,Rice,222214.000000,3.735215,8.182573,505.439698,85.449908,564.796183,1155.685788,27.132456,31.072053,181.388693,21.835587,39.950019,4.186600,6.073937,0.437350,0.488711,0.073939,1070.235880,0.051360,0.007074,data\processed\tiles\East_Godavari_2018.npy,0.522600
Guntur,2018,Kharif,Rice,216433.000000,3.963333,30.105621,333.839376,66.810018,310.409787,711.059181,29.086956,30.894568,84.255991,10.986789,41.430849,1.112679,6.579975,0.469496,0.436546,0.093958,644.249163,-0.032950,0.042280,data\processed\tiles\Guntur_2018.npy,0.558000
Kadapa,2018,Kharif,Rice,39041.000000,3.247330,32.595006,168.797923,63.757808,198.921540,431.477271,28.442150,28.785538,289.472676,11.253384,44.788077,3.601214,6.867941,0.391209,0.461024,0.147766,367.719463,0.069815,0.075368,data\processed\tiles\Kadapa_2018.npy,0.449300
Krishna,2018,Kharif,Rice,245815.000000,4.159335,17.392972,453.153526,70.323158,413.112220,936.588903,28.637964,31.415302,46.687282,13.913868,39.882850,0.863440,6.190167,0.483834,0.441082,0.075084,866.265745,-0.042752,0.018551,data\processed\tiles\Krishna_2018.npy,0.682400
Kurnool,2018,Kharif,Rice,88858.000000,3.896093,10.315893,245.196451,39.856959,187.886968,472.940378,27.136868,30.899585,356.470752,10.182560,44.723202,1.706942,7.145394,0.518451,0.397274,0.084275,433.083419,-0.121177,0.021766,data\processed\tiles\Kurnool_2018.npy,0.493600
Nellore,2018,Kharif,Rice,26638.000000,3.529206,63.760141,142.659886,88.743967,198.871008,430.274861,29.895036,29.411281,78.208705,11.915617,44.391867,1.467800,6.700981,0.331555,0.462195,0.206249,341.530894,0.130640,0.147841,data\processed\tiles\Nellore_2018.npy,0.933300
Prakasam,2018,Kharif,Rice,27778.000000,3.673267,38.341866,212.946212,60.276877,245.327889,518.550977,28.834281,29.057219,181.455793,11.564427,44.934890,2.558736,6.864488,0.410656,0.473103,0.116241,458.274100,0.062446,0.073798,data\processed\tiles\Prakasam_2018.npy,0.854500
Srikakulam,2018,Kharif,Rice,209426.000000,2.058851,8.735121,454.663139,143.517051,605.715399,1203.895589,27.808214,29.635969,83.366273,12.383356,41.846612,2.765763,6.314286,0.377660,0.503130,0.119211,1060.378538,0.125470,0.007250,data\processed\tiles\Srikakulam_2018.npy,0.650900
Visakhapatnam,2018,Kharif,Rice,99900.000000,1.685656,4.303351,536.803614,104.975997,712.317388,1354.097000,25.144825,30.571035,505.512859,18.669241,42.951270,7.616594,6.048488,0.396429,0.526046,0.077525,1249.121003,0.129617,0.003176,data\processed\tiles\Visakhapatnam_2018.npy,0.546100
Vizianagaram,2018,Kharif,Rice,121499.000000,2.337970,9.205309,550.472668,104.468754,704.012988,1358.954409,27.062832,30.027398,190.788210,13.505526,42.450759,4.188456,6.362886,0.405071,0.518055,0.076874,1254.485656,0.112984,0.006769,data\processed\tiles\Vizianagaram_2018.npy,0.556500
West Godavari,2018,Kharif,Rice,226925.000000,3.779024,12.663956,529.905729,80.262374,520.091946,1130.260049,27.982779,30.765663,71.856191,23.062563,40.682445,1.259625,6.046937,0.468835,0.460152,0.071012,1049.997675,-0.008683,0.011195,data\processed\tiles\West_Godavari_2018.npy,0.442000
Anantapur,2019,Kharif,Rice,18209.000000,3.609534,10.809195,52.700548,161.638613,240.399370,454.738531,26.171181,26.361073,485.430247,8.551640,52.008599,1.755928,7.174609,0.115892,0.528654,0.355454,293.099918,0.412762,0.023718,data\processed\tiles\Anantapur_2019.npy,0.389300
Chittoor,2019,Kharif,Rice,10664.000000,4.030476,18.603507,194.306659,220.305861,308.023508,722.636028,26.748550,27.487681,467.993159,11.719258,46.294552,3.623439,6.511106,0.268886,0.426250,0.304864,502.330166,0.157364,0.025708,data\processed\tiles\Chittoor_2019.npy,0.534100
East Godavari,2019,Kharif,Rice,221042.000000,3.366822,16.696973,332.362679,370.090945,518.327771,1220.781395,27.367288,31.072053,181.388693,21.835587,39.950019,4.186600,6.073937,0.272254,0.424587,0.303159,850.690450,0.152333,0.013666,data\processed\tiles\East_Godavari_2019.npy,0.519900
Guntur,2019,Kharif,Rice,220272.000000,3.985336,30.947933,268.787810,238.412165,333.430886,840.630860,28.873444,30.894568,84.255991,10.986789,41.430849,1.112679,6.579975,0.319745,0.396644,0.283611,602.218695,0.076898,0.036771,data\processed\tiles\Guntur_2019.npy,0.483100
Kadapa,2019,Kharif,Rice,32647.000000,3.055993,26.368466,148.442048,234.850044,264.320826,647.612917,27.957926,28.785538,289.472676,11.253384,44.788077,3.601214,6.867941,0.229214,0.408146,0.362640,412.762874,0.178932,0.040654,data\processed\tiles\Kadapa_2019.npy,0.449300
Krishna,2019,Kharif,Rice,243863.000000,3.877333,27.550439,319.696052,277.316159,386.835518,983.847730,28.682821,31.415302,46.687282,13.913868,39.882850,0.863440,6.190167,0.324945,0.393186,0.281869,706.531570,0.068242,0.027974,data\processed\tiles\Krishna_2019.npy,0.681600
Kurnool,2019,Kharif,Rice,82759.000000,3.982709,16.285715,182.965113,140.460818,371.941241,695.367172,26.953149,30.899585,356.470752,10.182560,44.723202,1.706942,7.145394,0.263120,0.534885,0.201995,554.906354,0.271765,0.023387,data\processed\tiles\Kurnool_2019.npy,0.395300
Nellore,2019,Kharif,Rice,16680.000000,3.837830,48.874838,126.971375,300.575981,242.486903,670.034258,29.576407,29.411281,78.208705,11.915617,44.391867,1.467800,6.700981,0.189500,0.361902,0.448598,369.458278,0.172402,0.072835,data\processed\tiles\Nellore_2019.npy,0.487800
Prakasam,2019,Kharif,Rice,29872.000000,3.739656,32.209837,195.844692,252.070720,321.879754,769.795166,28.533653,29.057219,181.455793,11.564427,44.934890,2.558736,6.864488,0.254411,0.418137,0.327452,517.724446,0.163725,0.041788,data\processed\tiles\Prakasam_2019.npy,0.368200
Srikakulam,2019,Kharif,Rice,209640.000000,2.835828,13.812016,315.184559,361.759630,656.263624,1333.207812,27.782404,29.635969,83.366273,12.383356,41.846612,2.765763,6.314286,0.236411,0.492244,0.271345,971.448182,0.255833,0.010352,data\processed\tiles\Srikakulam_2019.npy,0.632500
Visakhapatnam,2019,Kharif,Rice,96998.000000,2.377802,8.172974,334.732368,376.113956,687.930059,1398.776383,25.416122,30.571035,505.512859,18.669241,42.951270,7.616594,6.048488,0.239304,0.491808,0.268888,1022.662427,0.252505,0.005839,data\processed\tiles\Visakhapatnam_2019.npy,0.536300
Vizianagaram,2019,Kharif,Rice,119381.000000,3.222565,17.334275,341.561100,385.848290,687.151143,1414.560532,27.163568,30.027398,190.788210,13.505526,42.450759,4.188456,6.362886,0.241461,0.485770,0.272769,1028.712243,0.244309,0.012246,data\processed\tiles\Vizianagaram_2019.npy,0.553800
West Godavari,2019,Kharif,Rice,224398.000000,3.791313,22.387690,359.861527,364.349908,464.915692,1189.127127,28.149563,30.765663,71.856191,23.062563,40.682445,1.259625,6.046937,0.302627,0.390972,0.306401,824.777219,0.088346,0.018811,data\processed\tiles\West_Godavari_2019.npy,0.441900
Anantapur,2020,Kharif,Rice,20037.000000,2.724011,1.775635,104.442093,119.706128,299.181965,523.330186,25.726709,26.361073,485.430247,8.551640,52.008599,1.755928,7.174609,0.199572,0.571689,0.228739,403.624058,0.372117,0.003386,data\processed\tiles\Anantapur_2020.npy,0.389300
Chittoor,2020,Kharif,Rice,29724.000000,3.633629,7.666485,292.973568,208.277940,293.119620,794.371127,26.233050,27.487681,467.993159,11.719258,46.294552,3.623439,6.511106,0.368812,0.368996,0.262192,586.093187,0.000184,0.009639,data\processed\tiles\Chittoor_2020.npy,0.534200
East Godavari,2020,Kharif,Rice,220431.000000,2.259301,3.546754,490.294239,405.847925,494.570020,1390.712184,27.049056,31.072053,181.388693,21.835587,39.950019,4.186600,6.073937,0.352549,0.355624,0.291827,984.864259,0.003075,0.002548,data\processed\tiles\East_Godavari_2020.npy,0.520800
Guntur,2020,Kharif,Rice,213628.000000,3.127333,11.474590,416.440705,323.865175,508.352514,1248.658395,28.081613,30.894568,84.255991,10.986789,41.430849,1.112679,6.579975,0.333511,0.407119,0.259371,924.793220,0.073608,0.009182,data\processed\tiles\Guntur_2020.npy,0.483100
Kadapa,2020,Kharif,Rice,36780.000000,1.908673,13.802486,234.874803,188.830970,302.710332,726.416105,27.420398,28.785538,289.472676,11.253384,44.788077,3.601214,6.867941,0.323334,0.416718,0.259949,537.585135,0.093384,0.018975,data\processed\tiles\Kadapa_2020.npy,0.449300
Krishna,2020,Kharif,Rice,250926.000000,3.239334,8.823243,483.576054,380.072984,505.669845,1369.318883,28.065429,31.415302,46.687282,13.913868,39.882850,0.863440,6.190167,0.353151,0.369286,0.277564,989.245899,0.016135,0.006439,data\processed\tiles\Krishna_2020.npy,0.681600
Kurnool,2020,Kharif,Rice,83979.000000,2.944069,2.499015,331.909124,148.108256,423.636087,903.653467,26.336105,30.899585,356.470752,10.182560,44.723202,1.706942,7.145394,0.367297,0.468804,0.163899,755.545211,0.101507,0.002762,data\processed\tiles\Kurnool_2020.npy,0.395400
Nellore,2020,Kharif,Rice,88911.000000,3.599993,25.226365,178.117273,307.684748,280.172318,765.974339,28.814260,29.411281,78.208705,11.915617,44.391867,1.467800,6.700981,0.232537,0.365772,0.401691,458.289591,0.133236,0.032891,data\processed\tiles\Nellore_2020.npy,0.487900
Prakasam,2020,Kharif,Rice,26622.000000,3.397416,13.834533,292.703450,273.012980,470.088073,1035.804503,27.817889,29.057219,181.455793,11.564427,44.934890,2.558736,6.864488,0.282586,0.453839,0.263576,762.791522,0.171253,0.013343,data\processed\tiles\Prakasam_2020.npy,0.368200
Srikakulam,2020,Kharif,Rice,195124.000000,2.586268,3.470673,352.901519,359.374486,407.210418,1119.486423,27.774577,29.635969,83.366273,12.383356,41.846612,2.765763,6.314286,0.315235,0.363748,0.321017,760.111937,0.048512,0.003097,data\processed\tiles\Srikakulam_2020.npy,0.632600
Visakhapatnam,2020,Kharif,Rice,102722.000000,2.432274,1.095273,514.091463,302.476353,507.833002,1324.400819,25.235038,30.571035,505.512859,18.669241,42.951270,7.616594,6.048488,0.388169,0.383444,0.228387,1021.924465,-0.004726,0.000826,data\processed\tiles\Visakhapatnam_2020.npy,0.536300
Vizianagaram,2020,Kharif,Rice,108497.000000,2.860715,4.237565,489.775654,309.442367,470.722834,1269.940855,27.065304,30.027398,190.788210,13.505526,42.450759,4.188456,6.362886,0.385668,0.370665,0.243667,960.498488,-0.015003,0.003334,data\processed\tiles\Vizianagaram_2020.npy,0.553800
West Godavari,2020,Kharif,Rice,223249.000000,2.562448,6.673873,552.472263,440.743456,497.253412,1490.469130,27.689980,30.765663,71.856191,23.062563,40.682445,1.259625,6.046937,0.370670,0.333622,0.295708,1049.725674,-0.037048,0.004475,data\processed\tiles\West_Godavari_2020.npy,0.442500
Anantapur,2021,Kharif,Rice,23267.000000,2.080672,1.172883,77.867801,153.308152,128.924012,360.099965,25.639270,26.361073,485.430247,8.551640,52.008599,1.755928,7.174609,0.216239,0.358023,0.425738,206.791813,0.141783,0.003248,data\processed\tiles\Anantapur_2021.npy,0.389300
Chittoor,2021,Kharif,Rice,38721.000000,3.504662,7.187255,266.496311,228.225607,242.906547,737.628465,26.432494,27.487681,467.993159,11.719258,46.294552,3.623439,6.511106,0.361288,0.329307,0.309405,509.402858,-0.031981,0.009731,data\processed\tiles\Chittoor_2021.npy,0.534100
East Godavari,2021,Kharif,Rice,229825.000000,2.323333,2.794878,413.716821,192.123412,611.167294,1217.007527,27.257421,31.072053,181.388693,21.835587,39.950019,4.186600,6.073937,0.339946,0.502189,0.157865,1024.884115,0.162243,0.002295,data\processed\tiles\East_Godavari_2021.npy,0.519900
Guntur,2021,Kharif,Rice,222643.000000,2.937335,21.013815,327.647799,112.209538,402.502732,842.360070,28.611816,30.894568,84.255991,10.986789,41.430849,1.112679,6.579975,0.388964,0.477827,0.133209,730.150532,0.088863,0.024917,data\processed\tiles\Guntur_2021.npy,0.483100
Kadapa,2021,Kharif,Rice,52146.000000,1.672669,10.461433,178.879875,158.830871,198.114280,535.825026,27.732856,28.785538,289.472676,11.253384,44.788077,3.601214,6.867941,0.333840,0.369737,0.296423,376.994155,0.035897,0.019488,data\processed\tiles\Kadapa_2021.npy,0.449300
Krishna,2021,Kharif,Rice,247769.000000,3.418002,14.447680,393.469619,130.683501,500.224693,1024.377813,28.519286,31.415302,46.687282,13.913868,39.882850,0.863440,6.190167,0.384106,0.488321,0.127574,893.694312,0.104215,0.014090,data\processed\tiles\Krishna_2021.npy,0.681600
Kurnool,2021,Kharif,Rice,85481.000000,3.109007,2.976171,251.358212,116.796190,228.525643,596.680045,26.469924,30.899585,356.470752,10.182560,44.723202,1.706942,7.145394,0.421261,0.382995,0.195743,479.883855,-0.038266,0.004980,data\processed\tiles\Kurnool_2021.npy,0.395400
Nellore,2021,Kharif,Rice,52223.000000,3.764663,35.607936,144.474669,138.046989,210.296184,492.817842,29.341528,29.411281,78.208705,11.915617,44.391867,1.467800,6.700981,0.293160,0.426722,0.280118,354.770853,0.133562,0.072107,data\processed\tiles\Nellore_2021.npy,0.487900
Prakasam,2021,Kharif,Rice,33260.000000,3.079345,17.996612,219.635165,128.199150,324.068876,671.903191,28.290678,29.057219,181.455793,11.564427,44.934890,2.558736,6.864488,0.326885,0.482315,0.190800,543.704041,0.155430,0.026745,data\processed\tiles\Prakasam_2021.npy,0.368200
Srikakulam,2021,Kharif,Rice,197038.000000,2.612085,3.434921,351.003591,214.140671,622.960934,1188.105196,27.836350,29.635969,83.366273,12.383356,41.846612,2.765763,6.314286,0.295431,0.524331,0.180237,973.964526,0.228900,0.002889,data\processed\tiles\Srikakulam_2021.npy,0.632600
Visakhapatnam,2021,Kharif,Rice,98935.000000,2.470946,0.886378,420.994914,181.895555,695.239818,1298.130287,25.288418,30.571035,505.512859,18.669241,42.951270,7.616594,6.048488,0.324309,0.535570,0.140121,1116.234732,0.211261,0.000682,data\processed\tiles\Visakhapatnam_2021.npy,0.536300
Vizianagaram,2021,Kharif,Rice,127872.000000,2.926950,2.965193,430.700536,200.649182,699.246854,1330.596572,27.098668,30.027398,190.788210,13.505526,42.450759,4.188456,6.362886,0.323690,0.525514,0.150796,1129.947390,0.201824,0.002227,data\processed\tiles\Vizianagaram_2021.npy,0.553900
West Godavari,2021,Kharif,Rice,221874.000000,3.042677,8.513361,442.284154,165.631806,563.305634,1171.221594,28.016492,30.765663,71.856191,23.062563,40.682445,1.259625,6.046937,0.377626,0.480956,0.141418,1005.589788,0.103329,0.007263,data\processed\tiles\West_Godavari_2021.npy,0.441900
