District,Year,Yield_Tonne_per_Hectare,Predicted,Ensemble_Predicted
Anantapur,2017,2.508013,2.9312735,2.783646775546116
Chittoor,2017,3.570015,3.0141354,2.8468566006995824
East Godavari,2017,3.420001,3.0679386,2.794919605402187
Guntur,2017,4.170001,3.121431,3.095320235191482
Kadapa,2017,2.295016,3.1745229,3.1843222421491983
Krishna,2017,3.944,3.5303829,3.2443692196910465
Kurnool,2017,3.473,3.0568466,2.9929266862786656
Nellore,2017,3.825009,3.4257402,3.4158592188912205
Prakasam,2017,3.903982,3.3550332,3.2669790652911197
Srikakulam,2017,2.520998,3.0002282,2.7897555923921544
Visakhapatnam,2017,2.086998,2.9567378,2.744185858958302
Vizianagaram,2017,2.971999,2.8481154,2.7832586596244226
West Godavari,2017,3.560998,3.1087089,2.991276945403704
Anantapur,2018,2.674492,2.7593799,2.8410748202150673
Chittoor,2018,3.680519,3.467721,3.2763126274878918
East Godavari,2018,3.735215,2.8345804,2.8777239377372608
Guntur,2018,3.963333,3.6083713,3.4266429430337286
Kadapa,2018,3.24733,2.742428,2.830476251741191
Krishna,2018,4.159335,3.5595841,3.4740428857956105
Kurnool,2018,3.896093,2.7898412,3.0072554442627175
Nellore,2018,3.529206,3.312181,3.4396462410296795
Prakasam,2018,3.673267,3.5279858,3.4395014396189643
Srikakulam,2018,2.058851,2.8505032,2.8910439970216104
Visakhapatnam,2018,1.685656,2.5716393,2.636220804468328
Vizianagaram,2018,2.33797,3.012559,2.9883708403860902
West Godavari,2018,3.779024,3.0145764,3.1847808932988335
Anantapur,2019,3.609534,2.5134935,2.6722890487529662
Chittoor,2019,4.030476,2.8908978,2.877330531367342
East Godavari,2019,3.366822,2.8909805,2.925215250548911
Guntur,2019,3.985336,2.966835,3.1296214645326246
Kadapa,2019,3.055993,2.6037955,2.713243564988783
Krishna,2019,3.877333,3.3028207,3.375491448905784
Kurnool,2019,3.982709,2.7865658,2.9352860613010052
Nellore,2019,3.83783,3.4052944,3.4287911890818683
Prakasam,2019,3.739656,3.141996,3.0757645676183047
Srikakulam,2019,2.835828,2.7267034,2.809797040011225
Visakhapatnam,2019,2.377802,2.5886362,2.5068387135706365
Vizianagaram,2019,3.222565,2.7166526,2.808596300904874
West Godavari,2019,3.791313,3.0076253,3.1624561618003026
Anantapur,2020,2.724011,2.562461,2.6836712721630636
Chittoor,2020,3.633629,3.1339793,3.0479024666286567
East Godavari,2020,2.259301,2.7890282,2.939342605900112
Guntur,2020,3.127333,3.2440012,3.264909946889189
Kadapa,2020,1.908673,3.1383111,3.10728832948524
Krishna,2020,3.239334,3.1552296,3.2656433626996613
Kurnool,2020,2.944069,2.882999,3.0560877143627936
Nellore,2020,3.599993,3.6863365,3.595966143623997
Prakasam,2020,3.397416,3.1129227,3.0493390766330166
Srikakulam,2020,2.586268,2.7263994,2.811169000800459
Visakhapatnam,2020,2.432274,2.5603428,2.6348153483690875
Vizianagaram,2020,2.860715,2.7184656,2.811767882107964
West Godavari,2020,2.562448,3.082353,3.2257485969775823
Anantapur,2021,2.080672,2.5865316,2.68226332395665
Chittoor,2021,3.504662,3.4307456,3.314146437817558
East Godavari,2021,2.323333,2.858631,2.905912776876506
Guntur,2021,2.937335,3.7950938,3.732281263648693
Kadapa,2021,1.672669,3.1606195,3.190771583559454
Krishna,2021,3.418002,3.6890364,3.6244689368646643
Kurnool,2021,3.109007,3.1717172,3.1867080209742067
Nellore,2021,3.764663,3.6495302,3.51461128578599
Prakasam,2021,3.079345,3.4745824,3.355616076802528
Srikakulam,2021,2.612085,2.909249,2.8550532774849504
Visakhapatnam,2021,2.470946,2.4087718,2.4972800170272826
Vizianagaram,2021,2.92695,2.7498722,2.773374373787948
West Godavari,2021,3.042677,3.4286427,3.311618387631997
