District,Year,Season,Crop,SownArea,Production_Tonnes,Yield_Tonne_per_Hectare,Source_Yield_Tonne_per_Hectare,Yield_Check_Difference
Anantapur,2017,Kharif,Rice,12293.000000,30831.000000,2.508013,2.508000,0.000013
Chittoor,2017,Kharif,Rice,15061.000000,53768.000000,3.570015,3.570000,0.000015
East Godavari,2017,Kharif,Rice,225683.000000,771836.000000,3.420001,3.420000,0.000001
Guntur,2017,Kharif,Rice,183828.000000,766563.000000,4.170001,4.170000,0.000001
Kadapa,2017,Kharif,Rice,30717.000000,70496.000000,2.295016,2.295000,0.000016
Krishna,2017,Kharif,Rice,235984.000000,930721.000000,3.944000,3.944000,0.000000
Kurnool,2017,Kharif,Rice,59592.000000,206963.000000,3.473000,3.473000,0.000000
Nellore,2017,Kharif,Rice,21184.000000,81029.000000,3.825009,3.825000,0.000009
Prakasam,2017,Kharif,Rice,27547.000000,107543.000000,3.903982,3.904000,0.000018
Srikakulam,2017,Kharif,Rice,210682.000000,531129.000000,2.520998,2.521000,0.000002
Visakhapatnam,2017,Kharif,Rice,104922.000000,218972.000000,2.086998,2.087000,0.000002
Vizianagaram,2017,Kharif,Rice,122675.000000,364590.000000,2.971999,2.972000,0.000001
West Godavari,2017,Kharif,Rice,226760.000000,807492.000000,3.560998,3.561000,0.000002
Anantapur,2018,Kharif,Rice,21938.000000,58673.000000,2.674492,2.674000,0.000492
Chittoor,2018,Kharif,Rice,17422.000000,64122.000000,3.680519,3.681000,0.000481
East Godavari,2018,Kharif,Rice,222214.000000,830017.000000,3.735215,3.735000,0.000215
Guntur,2018,Kharif,Rice,216433.000000,857796.000000,3.963333,3.963000,0.000333
Kadapa,2018,Kharif,Rice,39041.000000,126779.000000,3.247330,3.247000,0.000330
Krishna,2018,Kharif,Rice,245815.000000,1022427.000000,4.159335,4.159000,0.000335
Kurnool,2018,Kharif,Rice,88858.000000,346199.000000,3.896093,3.896000,0.000093
Nellore,2018,Kharif,Rice,26638.000000,94011.000000,3.529206,3.529000,0.000206
Prakasam,2018,Kharif,Rice,27778.000000,102036.000000,3.673267,3.673000,0.000267
Srikakulam,2018,Kharif,Rice,209426.000000,431177.000000,2.058851,2.059000,0.000149
Visakhapatnam,2018,Kharif,Rice,99900.000000,168397.000000,1.685656,1.686000,0.000344
Vizianagaram,2018,Kharif,Rice,121499.000000,284061.000000,2.337970,2.338000,0.000030
West Godavari,2018,Kharif,Rice,226925.000000,857555.000000,3.779024,3.779000,0.000024
Anantapur,2019,Kharif,Rice,18209.000000,65726.000000,3.609534,3.610000,0.000466
Chittoor,2019,Kharif,Rice,10664.000000,42981.000000,4.030476,4.030000,0.000476
East Godavari,2019,Kharif,Rice,221042.000000,744209.000000,3.366822,3.367000,0.000178
Guntur,2019,Kharif,Rice,220272.000000,877858.000000,3.985336,3.985000,0.000336
Kadapa,2019,Kharif,Rice,32647.000000,99769.000000,3.055993,3.056000,0.000007
Krishna,2019,Kharif,Rice,243863.000000,945538.000000,3.877333,3.877000,0.000333
Kurnool,2019,Kharif,Rice,82759.000000,329605.000000,3.982709,3.983000,0.000291
Nellore,2019,Kharif,Rice,16680.000000,64015.000000,3.837830,3.838000,0.000170
Prakasam,2019,Kharif,Rice,29872.000000,111711.000000,3.739656,3.740000,0.000344
Srikakulam,2019,Kharif,Rice,209640.000000,594503.000000,2.835828,2.836000,0.000172
Visakhapatnam,2019,Kharif,Rice,96998.000000,230642.000000,2.377802,2.378000,0.000198
Vizianagaram,2019,Kharif,Rice,119381.000000,384713.000000,3.222565,3.223000,0.000435
West Godavari,2019,Kharif,Rice,224398.000000,850763.000000,3.791313,3.791000,0.000313
Anantapur,2020,Kharif,Rice,20037.000000,54581.000000,2.724011,2.724000,0.000011
Chittoor,2020,Kharif,Rice,29724.000000,108006.000000,3.633629,3.634000,0.000371
East Godavari,2020,Kharif,Rice,220431.000000,498020.000000,2.259301,2.259000,0.000301
Guntur,2020,Kharif,Rice,213628.000000,668086.000000,3.127333,3.127000,0.000333
Kadapa,2020,Kharif,Rice,36780.000000,70201.000000,1.908673,1.909000,0.000327
Krishna,2020,Kharif,Rice,250926.000000,812833.000000,3.239334,3.239000,0.000334
Kurnool,2020,Kharif,Rice,83979.000000,247240.000000,2.944069,2.944000,0.000069
Nellore,2020,Kharif,Rice,88911.000000,320079.000000,3.599993,3.600000,0.000007
Prakasam,2020,Kharif,Rice,26622.000000,90446.000000,3.397416,3.397000,0.000416
Srikakulam,2020,Kharif,Rice,195124.000000,504643.000000,2.586268,2.586000,0.000268
Visakhapatnam,2020,Kharif,Rice,102722.000000,249848.000000,2.432274,2.432000,0.000274
Vizianagaram,2020,Kharif,Rice,108497.000000,310379.000000,2.860715,2.861000,0.000285
West Godavari,2020,Kharif,Rice,223249.000000,572064.000000,2.562448,2.562000,0.000448
Anantapur,2021,Kharif,Rice,23267.000000,48411.000000,2.080672,2.081000,0.000328
Chittoor,2021,Kharif,Rice,38721.000000,135704.000000,3.504662,3.505000,0.000338
East Godavari,2021,Kharif,Rice,229825.000000,533960.000000,2.323333,2.323000,0.000333
Guntur,2021,Kharif,Rice,222643.000000,653977.000000,2.937335,2.937000,0.000335
Kadapa,2021,Kharif,Rice,52146.000000,87223.000000,1.672669,1.673000,0.000331
Krishna,2021,Kharif,Rice,247769.000000,846875.000000,3.418002,3.418000,0.000002
Kurnool,2021,Kharif,Rice,85481.000000,265761.000000,3.109007,3.109000,0.000007
Nellore,2021,Kharif,Rice,52223.000000,196602.000000,3.764663,3.765000,0.000337
Prakasam,2021,Kharif,Rice,33260.000000,102419.000000,3.079345,3.079000,0.000345
Srikakulam,2021,Kharif,Rice,197038.000000,514680.000000,2.612085,2.612000,0.000085
Visakhapatnam,2021,Kharif,Rice,98935.000000,244463.000000,2.470946,2.471000,0.000054
Vizianagaram,2021,Kharif,Rice,127872.000000,374275.000000,2.926950,2.927000,0.000050
West Godavari,2021,Kharif,Rice,221874.000000,675091.000000,3.042677,3.043000,0.000323
