District,Year,Season,Crop,SownArea,Yield_Tonne_per_Hectare,HeatStressDays_gt35C,Rain_Early_mm,Rain_Late_mm,Rain_Mid_mm,Rain_Total_mm,Temp_Mean_C,Clay_pct,Elevation_m,OrganicCarbon_g_kg,Sand_pct,Slope_deg,Soil_pH,Rain_Early_Share,Rain_Mid_Share,Rain_Late_Share,Rain_GrowthPhase_mm,Rain_Seasonality_Index,Heat_Rain_Stress,tile_path,tile_nodata_fraction,valid_pixel_ratio,ndvi_mean,ndvi_std,ndvi_median,ndvi_p10,ndvi_p90,ndwi_mean,ndwi_std,ndwi_median,nir_mean,nir_std,red_mean,green_mean,blue_mean,evi_mean,evi_std,savi_mean,gcvi_mean
Anantapur,2017,Kharif,Rice,12293.0,2.508013,5.127583,69.294529,212.225116,302.221314,583.740958,26.221426,26.361073,485.430247,8.55164,52.008599,1.755928,7.174609,0.118708,0.517732,0.36356,371.515842,0.399024,0.008769,data\processed\tiles\Anantapur_2017.npy,0.9189,0.08290816326530612,0.46465036273002625,0.181369811296463,0.47965946793556213,0.26053836941719055,0.6680263876914978,-0.5019448399543762,0.15008452534675598,-0.5290524959564209,3084.39013671875,696.6031494140625,1105.4700927734375,977.4385986328125,632.5869750976562,0.33339646458625793,0.12956401705741882,0.3196702301502228,2.309638023376465
Chittoor,2017,Kharif,Rice,15061.0,3.570015,12.760661,219.709131,281.381241,378.199632,879.290003,26.651805,27.487681,467.993159,11.719258,46.294552,3.623439,6.511106,0.249871,0.430119,0.32001,597.908763,0.180248,0.014496,data\processed\tiles\Chittoor_2017.npy,0.7989,0.20270647321428573,0.44505196809768677,0.1958620697259903,0.43414050340652466,0.205689936876297,0.7192913293838501,-0.4709908366203308,0.13826234638690948,-0.4716852903366089,2874.758544921875,605.274169921875,1132.301025390625,1022.2317504882812,668.2150268554688,0.3057766258716583,0.1451488584280014,0.29090479016304016,2.0633809566497803
East Godavari,2017,Kharif,Rice,225683.0,3.420001,5.477583,507.273105,198.75286,409.566524,1115.592489,27.319767,31.072053,181.388693,21.835587,39.950019,4.1866,6.073937,0.454712,0.367129,0.178159,916.839629,-0.087583,0.004906,data\processed\tiles\East_Godavari_2017.npy,0.8427,0.15961814413265307,0.7316475510597229,0.1938912570476532,0.7975331544876099,0.5377904176712036,0.8611603379249573,-0.6437370777130127,0.17733071744441986,-0.6910550594329834,3182.546630859375,755.3955688476562,442.9665832519531,634.2171630859375,424.52734375,0.5365948677062988,0.1526225358247757,0.46901771426200867,4.466327667236328
Guntur,2017,Kharif,Rice,183828.0,4.170001,8.722237,344.305625,122.364731,319.619685,786.290041,28.534545,30.894568,84.255991,10.986789,41.430849,1.112679,6.579975,0.437886,0.406491,0.155623,663.92531,-0.031395,0.011079,data\processed\tiles\Guntur_2017.npy,0.7486,0.2526705994897959,0.6057472825050354,0.2694636583328247,0.7111676931381226,0.1682511866092682,0.8650488257408142,-0.5662369132041931,0.20225903391838074,-0.6325205564498901,2961.120361328125,978.2406616210938,668.3673095703125,743.36572265625,522.3180541992188,0.4408148527145386,0.2272486835718155,0.38786524534225464,3.5616891384124756
Kadapa,2017,Kharif,Rice,30717.0,2.295016,21.166512,192.158594,189.709013,327.404335,709.271941,27.998659,28.785538,289.472676,11.253384,44.788077,3.601214,6.867941,0.270924,0.461606,0.26747,519.562928,0.190682,0.029801,data\processed\tiles\Kadapa_2017.npy,0.4494,0.5509008290816326,0.24370737373828888,0.12942850589752197,0.22416356205940247,0.09678983688354492,0.4268761873245239,-0.26999446749687195,0.09379176050424576,-0.2708195447921753,2459.482177734375,514.9954833984375,1513.0203857421875,1403.767578125,1384.186279296875,0.21939928829669952,0.1273023933172226,0.1583225131034851,0.786807119846344
Krishna,2017,Kharif,Rice,235984.0,3.944,6.346815,437.021462,148.069431,317.841382,902.932275,28.387651,31.415302,46.687282,13.913868,39.88285,0.86344,6.190167,0.484002,0.35201,0.163987,754.862844,-0.131992,0.007021,data\processed\tiles\Krishna_2017.npy,0.8838,0.11702806122448979,0.4542424976825714,0.30443254113197327,0.405791699886322,0.12910935282707214,0.8346015810966492,-0.4555259048938751,0.23510855436325073,-0.4478541612625122,2452.69384765625,814.7911987304688,880.8900146484375,834.4405517578125,597.7296752929688,0.30701303482055664,0.2226731777191162,0.27739670872688293,2.430189371109009
Kurnool,2017,Kharif,Rice,59592.0,3.473,7.794762,237.03821,161.063925,355.932571,754.034707,27.029811,30.899585,356.470752,10.18256,44.723202,1.706942,7.145394,0.31436,0.472037,0.213603,592.970782,0.157678,0.010324,data\processed\tiles\Kurnool_2017.npy,0.8409,0.1600765306122449,0.5367323756217957,0.2102256715297699,0.560684859752655,0.26929038763046265,0.7881046533584595,-0.530937910079956,0.16155682504177094,-0.5545307397842407,2873.47607421875,847.9702758789062,808.4834594726562,819.3079223632812,558.4301147460938,0.3806295692920685,0.18049247562885284,0.34778639674186707,2.699153423309326
Nellore,2017,Kharif,Rice,21184.0,3.825009,42.109116,180.745763,190.453874,247.354293,618.55393,29.439755,29.411281,78.208705,11.915617,44.391867,1.4678,6.700981,0.292207,0.399891,0.307902,428.100055,0.107684,0.067967,data\processed\tiles\Nellore_2017.npy,0.802,0.1980030293367347,0.41496896743774414,0.30735456943511963,0.4899290204048157,0.06503605842590332,0.717012345790863,-0.4044340252876282,0.3222348690032959,-0.5039505362510681,2700.969482421875,1026.303955078125,963.5624389648438,956.5813598632812,643.1849975585938,0.3112190067768097,0.1911119669675827,0.2867552638053894,2.0100202560424805
Prakasam,2017,Kharif,Rice,27547.0,3.903982,20.439481,248.250993,123.286341,331.989079,703.526414,28.431474,29.057219,181.455793,11.564427,44.93489,2.558736,6.864488,0.352867,0.471893,0.175241,580.240073,0.119026,0.029012,data\processed\tiles\Prakasam_2017.npy,0.8891,0.1110092474489796,0.44447168707847595,0.27052614092826843,0.4218555688858032,0.15372726321220398,0.8278288245201111,-0.46116748452186584,0.20789137482643127,-0.45043516159057617,2585.87353515625,1064.884033203125,874.2621459960938,835.7531127929688,572.7037963867188,0.31265538930892944,0.2246450036764145,0.28786829113960266,2.385192394256592
Srikakulam,2017,Kharif,Rice,210682.0,2.520998,5.727756,567.328334,228.003959,442.59823,1237.930522,27.89686,29.635969,83.366273,12.383356,41.846612,2.765763,6.314286,0.458288,0.357531,0.184182,1009.926564,-0.100757,0.004623,data\processed\tiles\Srikakulam_2017.npy,0.7562,0.24685108418367346,0.7129111886024475,0.23452255129814148,0.7988475561141968,0.39007657766342163,0.8955946564674377,-0.6383368372917175,0.20136713981628418,-0.697774350643158,3022.838623046875,809.8563232421875,474.4341125488281,621.5785522460938,334.31005859375,0.4776173532009125,0.1680908352136612,0.44338029623031616,7.061448097229004
Visakhapatnam,2017,Kharif,Rice,104922.0,2.086998,2.931064,552.833672,206.218592,529.872652,1288.924916,25.415131,30.571035,505.512859,18.669241,42.95127,7.616594,6.048488,0.428911,0.411097,0.159993,1082.706324,-0.017814,0.002272,data\processed\tiles\Visakhapatnam_2017.npy,0.8874,0.11451690051020408,0.6918156147003174,0.199740931391716,0.7562277317047119,0.4280661344528198,0.8550435304641724,-0.6106404662132263,0.17429988086223602,-0.6583350896835327,3028.042724609375,795.0032348632812,504.8785095214844,678.7929077148438,424.1966552734375,0.487388551235199,0.16253036260604858,0.43585309386253357,3.875051736831665
Vizianagaram,2017,Kharif,Rice,122675.0,2.971999,5.469461,617.965583,217.362803,535.880837,1371.209223,27.250056,30.027398,190.78821,13.505526,42.450759,4.188456,6.362886,0.450672,0.390809,0.158519,1153.84642,-0.059863,0.003986,data\processed\tiles\Vizianagaram_2017.npy,0.5729,0.42940848214285715,0.7071200609207153,0.18065625429153442,0.7619079351425171,0.48642802238464355,0.8556482195854187,-0.6222135424613953,0.15560097992420197,-0.6593875288963318,3146.90380859375,715.1469116210938,515.509765625,700.4944458007812,436.0531921386719,0.5073221921920776,0.14835545420646667,0.45045292377471924,4.042261123657227
West Godavari,2017,Kharif,Rice,226760.0,3.560998,6.170062,519.493078,183.949035,362.074772,1065.516884,27.957122,30.765663,71.856191,23.062563,40.682445,1.259625,6.046937,0.48755,0.339811,0.172638,881.56785,-0.147739,0.005785,data\processed\tiles\West_Godavari_2017.npy,0.8911,0.11094945790816327,0.6095776557922363,0.22376036643981934,0.6897240877151489,0.25776511430740356,0.8068077564239502,-0.5507442951202393,0.18874359130859375,-0.6047368049621582,3023.749267578125,813.4176635742188,665.05419921875,794.0935668945312,592.701904296875,0.4697161316871643,0.1861248016357422,0.39896297454833984,3.0888774394989014
Anantapur,2018,Kharif,Rice,21938.0,2.674492,6.01272,62.856291,46.794246,121.284142,230.934678,26.231657,26.361073,485.430247,8.55164,52.008599,1.755928,7.174609,0.272182,0.525188,0.20263,184.140433,0.253006,0.025924,data\processed\tiles\Anantapur_2018.npy,0.5515,0.45055404974489793,0.3430940508842468,0.14080461859703064,0.32509493827819824,0.18982772529125214,0.5297178030014038,-0.43613022565841675,0.10764554142951965,-0.4438154697418213,3017.47314453125,601.2369384765625,1487.746826171875,1166.5789794921875,810.8067626953125,0.24625737965106964,0.10854893922805786,0.24074503779411316,1.6696213483810425
Chittoor,2018,Kharif,Rice,17422.0,3.680519,16.562414,211.907661,102.023461,221.080823,535.011944,26.837302,27.487681,467.993159,11.719258,46.294552,3.623439,6.511106,0.39608,0.413226,0.190694,432.988484,0.017146,0.030899,data\processed\tiles\Chittoor_2018.npy,0.9394,0.06100526147959184,0.5519358515739441,0.18438130617141724,0.5693717002868652,0.29489609599113464,0.7791211605072021,-0.5354041457176208,0.11715525388717651,-0.5502275228500366,3354.833740234375,545.5701293945312,997.6107177734375,1013.1475219726562,607.68701171875,0.40704891085624695,0.14363554120063782,0.3794620931148529,2.5699198246002197
East Godavari,2018,Kharif,Rice,222214.0,3.735215,8.182573,505.439698,85.449908,564.796183,1155.685788,27.132456,31.072053,181.388693,21.835587,39.950019,4.1866,6.073937,0.43735,0.488711,0.073939,1070.23588,0.05136,0.007074,data\processed\tiles\East_Godavari_2018.npy,0.5226,0.4790138711734694,0.5890517830848694,0.23699139058589935,0.653102695941925,0.24905504286289215,0.8282369375228882,-0.5593151450157166,0.18981178104877472,-0.6054862141609192,3013.220947265625,775.3175048828125,731.385498046875,793.5611572265625,443.6046447753906,0.40739965438842773,0.1865338683128357,0.38444405794143677,3.211544990539551
Guntur,2018,Kharif,Rice,216433.0,3.963333,30.105621,333.839376,66.810018,310.409787,711.059181,29.086956,30.894568,84.255991,10.986789,41.430849,1.112679,6.579975,0.469496,0.436546,0.093958,644.249163,-0.03295,0.04228,data\processed\tiles\Guntur_2018.npy,0.558,0.4453922193877551,0.3958306908607483,0.22086144983768463,0.3855653405189514,0.13089792430400848,0.7095493674278259,-0.43590065836906433,0.1676713526248932,-0.44691115617752075,2506.971923828125,624.946044921875,1077.6634521484375,951.84716796875,663.8094482421875,0.2632327377796173,0.16007374227046967,0.24798932671546936,1.897029161453247
Kadapa,2018,Kharif,Rice,39041.0,3.24733,32.595006,168.797923,63.757808,198.92154,431.477271,28.44215,28.785538,289.472676,11.253384,44.788077,3.601214,6.867941,0.391209,0.461024,0.147766,367.719463,0.069815,0.075368,data\processed\tiles\Kadapa_2018.npy,0.4493,0.5510801977040817,0.2978317439556122,0.14572405815124512,0.2858579158782959,0.12407025694847107,0.497855544090271,-0.2980886697769165,0.10891026258468628,-0.3075926899909973,2460.954833984375,452.9870910644531,1342.9241943359375,1311.9954833984375,1335.037841796875,0.27529197931289673,0.14323639869689941,0.19056817889213562,0.9105995297431946
Krishna,2018,Kharif,Rice,245815.0,4.159335,17.392972,453.153526,70.323158,413.11222,936.588903,28.637964,31.415302,46.687282,13.913868,39.88285,0.86344,6.190167,0.483834,0.441082,0.075084,866.265745,-0.042752,0.018551,data\processed\tiles\Krishna_2018.npy,0.6824,0.3187978316326531,0.4177321195602417,0.21858499944210052,0.42833948135375977,0.1403217315673828,0.709500789642334,-0.43489643931388855,0.18720121681690216,-0.4674820303916931,2609.181396484375,842.8902587890625,1003.2350463867188,946.442626953125,584.3154296875,0.28018173575401306,0.16751998662948608,0.2705797255039215,1.9275537729263306
Kurnool,2018,Kharif,Rice,88858.0,3.896093,10.315893,245.196451,39.856959,187.886968,472.940378,27.136868,30.899585,356.470752,10.18256,44.723202,1.706942,7.145394,0.518451,0.397274,0.084275,433.083419,-0.121177,0.021766,data\processed\tiles\Kurnool_2018.npy,0.4936,0.5072345344387755,0.427492618560791,0.2044842690229416,0.3909873366355896,0.21606525778770447,0.7426221966743469,-0.4688575267791748,0.16583864390850067,-0.47320669889450073,2656.8017578125,682.6416015625,1050.743408203125,917.228271484375,672.6456909179688,0.2912956178188324,0.14843682944774628,0.2733522355556488,2.112051486968994
Nellore,2018,Kharif,Rice,26638.0,3.529206,63.760141,142.659886,88.743967,198.871008,430.274861,29.895036,29.411281,78.208705,11.915617,44.391867,1.4678,6.700981,0.331555,0.462195,0.206249,341.530894,0.13064,0.147841,data\processed\tiles\Nellore_2018.npy,0.9333,0.06720344387755102,0.18290728330612183,0.3568783700466156,0.20507490634918213,-0.38406985998153687,0.658416211605072,-0.18785294890403748,0.3813752233982086,-0.28524166345596313,2409.24169921875,1330.4447021484375,1422.31884765625,1329.387939453125,867.1524047851562,0.15312981605529785,0.20898765325546265,0.14931881427764893,1.149026870727539
Prakasam,2018,Kharif,Rice,27778.0,3.673267,38.341866,212.946212,60.276877,245.327889,518.550977,28.834281,29.057219,181.455793,11.564427,44.93489,2.558736,6.864488,0.410656,0.473103,0.116241,458.2741,0.062446,0.073798,data\processed\tiles\Prakasam_2018.npy,0.8545,0.1462452168367347,0.2942551076412201,0.21988600492477417,0.1964641809463501,0.11264446377754211,0.6856802701950073,-0.3718221187591553,0.16473223268985748,-0.3192705810070038,2533.9677734375,621.762939453125,1406.8271484375,1147.394287109375,785.5610961914062,0.19511964917182922,0.1516064703464508,0.19013042747974396,1.4872688055038452
Srikakulam,2018,Kharif,Rice,209426.0,2.058851,8.735121,454.663139,143.517051,605.715399,1203.895589,27.808214,29.635969,83.366273,12.383356,41.846612,2.765763,6.314286,0.37766,0.50313,0.119211,1060.378538,0.12547,0.00725,data\processed\tiles\Srikakulam_2018.npy,0.6509,0.3518016581632653,0.60032057762146,0.18748880922794342,0.6533263325691223,0.33773869276046753,0.7818458080291748,-0.5477656722068787,0.14702542126178741,-0.580290675163269,3002.62890625,668.0678100585938,724.47802734375,836.8400268554688,538.0033569335938,0.4314190149307251,0.1568971872329712,0.3870977759361267,2.7885377407073975
Visakhapatnam,2018,Kharif,Rice,99900.0,1.685656,4.303351,536.803614,104.975997,712.317388,1354.097,25.144825,30.571035,505.512859,18.669241,42.95127,7.616594,6.048488,0.396429,0.526046,0.077525,1249.121003,0.129617,0.003176,data\processed\tiles\Visakhapatnam_2018.npy,0.5461,0.45473931760204084,0.6947884559631348,0.15611632168293,0.7350575923919678,0.5011113286018372,0.8389567732810974,-0.6290470361709595,0.1208161860704422,-0.6509346961975098,3205.249755859375,562.495849609375,558.3007202148438,707.3121337890625,395.826171875,0.4869654178619385,0.13141393661499023,0.44952306151390076,3.810073137283325
Vizianagaram,2018,Kharif,Rice,121499.0,2.33797,9.205309,550.472668,104.468754,704.012988,1358.954409,27.062832,30.027398,190.78821,13.505526,42.450759,4.188456,6.362886,0.405071,0.518055,0.076874,1254.485656,0.112984,0.006769,data\processed\tiles\Vizianagaram_2018.npy,0.5565,0.44503348214285715,0.6162751913070679,0.1620004028081894,0.636076033115387,0.41701266169548035,0.8046185374259949,-0.57902991771698,0.11879748106002808,-0.5923905372619629,3126.680419921875,545.8008422851562,724.9906005859375,807.9013671875,481.86962890625,0.43525728583335876,0.13364861905574799,0.40409842133522034,3.076181411743164
West Godavari,2018,Kharif,Rice,226925.0,3.779024,12.663956,529.905729,80.262374,520.091946,1130.260049,27.982779,30.765663,71.856191,23.062563,40.682445,1.259625,6.046937,0.468835,0.460152,0.071012,1049.997675,-0.008683,0.011195,data\processed\tiles\West_Godavari_2018.npy,0.442,0.5587133290816326,0.47630682587623596,0.2035766988992691,0.48442453145980835,0.20006968080997467,0.7509905099868774,-0.4635377824306488,0.18480055034160614,-0.49228718876838684,2795.271240234375,829.0952758789062,931.963623046875,943.8004760742188,620.154541015625,0.33515918254852295,0.1655307114124298,0.3115014433860779,2.1572611331939697
Anantapur,2019,Kharif,Rice,18209.0,3.609534,10.809195,52.700548,161.638613,240.39937,454.738531,26.171181,26.361073,485.430247,8.55164,52.008599,1.755928,7.174609,0.115892,0.528654,0.355454,293.099918,0.412762,0.023718,data\processed\tiles\Anantapur_2019.npy,0.3893,0.6115274234693877,0.2737584710121155,0.1179993525147438,0.2537074089050293,0.14562810957431793,0.4357178807258606,-0.3609468936920166,0.08854763209819794,-0.36455947160720825,3109.7646484375,612.9295654296875,1791.528564453125,1447.7388916015625,1051.539794921875,0.2129027545452118,0.10146421939134598,0.1995527148246765,1.1905865669250488
Chittoor,2019,Kharif,Rice,10664.0,4.030476,18.603507,194.306659,220.305861,308.023508,722.636028,26.74855,27.487681,467.993159,11.719258,46.294552,3.623439,6.511106,0.268886,0.42625,0.304864,502.330166,0.157364,0.025708,data\processed\tiles\Chittoor_2019.npy,0.5341,0.466617506377551,0.4209119379520416,0.14260227978229523,0.41937699913978577,0.2347530573606491,0.6112534999847412,-0.4321473240852356,0.09262392669916153,-0.433845579624176,3050.686767578125,506.68603515625,1280.8525390625,1216.6439208984375,882.25634765625,0.3216906785964966,0.11662027984857559,0.2860046625137329,1.6207412481307983
East Godavari,2019,Kharif,Rice,221042.0,3.366822,16.696973,332.362679,370.090945,518.327771,1220.781395,27.367288,31.072053,181.388693,21.835587,39.950019,4.1866,6.073937,0.272254,0.424587,0.303159,850.69045,0.152333,0.013666,data\processed\tiles\East_Godavari_2019.npy,0.5199,0.48146524234693877,0.580300509929657,0.22571295499801636,0.6464459896087646,0.3040541410446167,0.7806026339530945,-0.5120921730995178,0.19124631583690643,-0.5669710636138916,2885.787353515625,770.0360107421875,708.1452026367188,862.9984130859375,615.6599731445312,0.43456465005874634,0.18584521114826202,0.3716932237148285,2.550989866256714
Guntur,2019,Kharif,Rice,220272.0,3.985336,30.947933,268.78781,238.412165,333.430886,840.63086,28.873444,30.894568,84.255991,10.986789,41.430849,1.112679,6.579975,0.319745,0.396644,0.283611,602.218695,0.076898,0.036771,data\processed\tiles\Guntur_2019.npy,0.4831,0.5178970025510204,0.37661707401275635,0.15865372121334076,0.37143009901046753,0.19557282328605652,0.5867220163345337,-0.3865600824356079,0.134290874004364,-0.39030134677886963,2501.948974609375,591.99072265625,1109.7459716796875,1071.621826171875,809.28466796875,0.2660699784755707,0.12556877732276917,0.23885415494441986,1.414453148841858
Kadapa,2019,Kharif,Rice,32647.0,3.055993,26.368466,148.442048,234.850044,264.320826,647.612917,27.957926,28.785538,289.472676,11.253384,44.788077,3.601214,6.867941,0.229214,0.408146,0.36264,412.762874,0.178932,0.040654,data\processed\tiles\Kadapa_2019.npy,0.4493,0.5510801977040817,0.33438003063201904,0.1649131327867508,0.3220921754837036,0.14144042134284973,0.5599988102912903,-0.3744634687900543,0.12490085512399673,-0.38002482056617737,2769.821533203125,593.8851928710938,1394.9019775390625,1244.802001953125,934.6190185546875,0.24989089369773865,0.13119062781333923,0.22450792789459229,1.3195958137512207
Krishna,2019,Kharif,Rice,243863.0,3.877333,27.550439,319.696052,277.316159,386.835518,983.84773,28.682821,31.415302,46.687282,13.913868,39.88285,0.86344,6.190167,0.324945,0.393186,0.281869,706.53157,0.068242,0.027974,data\processed\tiles\Krishna_2019.npy,0.6816,0.31947544642857145,0.4310878813266754,0.20052827894687653,0.4556146264076233,0.16072918474674225,0.6663506031036377,-0.392078697681427,0.1937556117773056,-0.4344692528247833,2496.7685546875,838.0340576171875,912.9755249023438,985.9974365234375,737.264892578125,0.3130134344100952,0.165228933095932,0.271977961063385,1.5828368663787842
Kurnool,2019,Kharif,Rice,82759.0,3.982709,16.285715,182.965113,140.460818,371.941241,695.367172,26.953149,30.899585,356.470752,10.18256,44.723202,1.706942,7.145394,0.26312,0.534885,0.201995,554.906354,0.271765,0.023387,data\processed\tiles\Kurnool_2019.npy,0.3953,0.6052096619897959,0.33499929308891296,0.19045844674110413,0.3024020195007324,0.1515066921710968,0.6168205142021179,-0.36530801653862,0.15551790595054626,-0.3643820881843567,2652.050537109375,690.6098022460938,1302.97900390625,1187.807861328125,915.6478881835938,0.2514169216156006,0.15118423104286194,0.22264254093170166,1.3363802433013916
Nellore,2019,Kharif,Rice,16680.0,3.83783,48.874838,126.971375,300.575981,242.486903,670.034258,29.576407,29.411281,78.208705,11.915617,44.391867,1.4678,6.700981,0.1895,0.361902,0.448598,369.458278,0.172402,0.072835,data\processed\tiles\Nellore_2019.npy,0.4878,0.5126554528061225,0.33422932028770447,0.19742214679718018,0.3434903621673584,0.14250947535037994,0.5609021186828613,-0.3768351972103119,0.19451849162578583,-0.414319783449173,2755.9423828125,697.2722778320312,1342.3936767578125,1188.4884033203125,833.6597900390625,0.24532268941402435,0.1364010125398636,0.22949858009815216,1.4123082160949707
Prakasam,2019,Kharif,Rice,29872.0,3.739656,32.209837,195.844692,252.07072,321.879754,769.795166,28.533653,29.057219,181.455793,11.564427,44.93489,2.558736,6.864488,0.254411,0.418137,0.327452,517.724446,0.163725,0.041788,data\processed\tiles\Prakasam_2019.npy,0.3682,0.6322943239795918,0.3509035110473633,0.16973797976970673,0.32425516843795776,0.15111389756202698,0.602580189704895,-0.4042872190475464,0.11686510592699051,-0.4065036177635193,2801.834716796875,527.1311645507812,1364.3624267578125,1176.138427734375,847.201171875,0.2547248303890228,0.1352851539850235,0.23553290963172913,1.4971102476119995
Srikakulam,2019,Kharif,Rice,209640.0,2.835828,13.812016,315.184559,361.75963,656.263624,1333.207812,27.782404,29.635969,83.366273,12.383356,41.846612,2.765763,6.314286,0.236411,0.492244,0.271345,971.448182,0.255833,0.010352,data\processed\tiles\Srikakulam_2019.npy,0.6325,0.36818399234693877,0.5441035032272339,0.16694416105747223,0.5630843639373779,0.34457165002822876,0.7386794686317444,-0.4771421253681183,0.1336003839969635,-0.49420952796936035,2997.238037109375,664.9087524414062,849.281982421875,1016.93798828125,755.9663696289062,0.432971328496933,0.16286922991275787,0.358758807182312,2.0460641384124756
Visakhapatnam,2019,Kharif,Rice,96998.0,2.377802,8.172974,334.732368,376.113956,687.930059,1398.776383,25.416122,30.571035,505.512859,18.669241,42.95127,7.616594,6.048488,0.239304,0.491808,0.268888,1022.662427,0.252505,0.005839,data\processed\tiles\Visakhapatnam_2019.npy,0.5363,0.4640266262755102,0.6186878681182861,0.15461771190166473,0.649535059928894,0.4200177490711212,0.7817541360855103,-0.5471817851066589,0.11703003942966461,-0.5662572979927063,3076.41796875,537.2763671875,710.7765502929688,880.6612548828125,621.6227416992188,0.4690093696117401,0.14151929318904877,0.400920033454895,2.6628470420837402
Vizianagaram,2019,Kharif,Rice,119381.0,3.222565,17.334275,341.5611,385.84829,687.151143,1414.560532,27.163568,30.027398,190.78821,13.505526,42.450759,4.188456,6.362886,0.241461,0.48577,0.272769,1028.712243,0.244309,0.012246,data\processed\tiles\Vizianagaram_2019.npy,0.5538,0.44746492346938777,0.5683391094207764,0.13782690465450287,0.582180380821228,0.40375447273254395,0.7272557020187378,-0.500032365322113,0.10426762700080872,-0.5098301768302917,3103.251708984375,550.4383544921875,833.290771484375,1007.8629150390625,731.3328857421875,0.45220616459846497,0.1384890079498291,0.37764665484428406,2.1606266498565674
West Godavari,2019,Kharif,Rice,224398.0,3.791313,22.38769,359.861527,364.349908,464.915692,1189.127127,28.149563,30.765663,71.856191,23.062563,40.682445,1.259625,6.046937,0.302627,0.390972,0.306401,824.777219,0.088346,0.018811,data\processed\tiles\West_Godavari_2019.npy,0.4419,0.5587133290816326,0.5344918370246887,0.21059274673461914,0.5845127105712891,0.24153824150562286,0.7546548843383789,-0.46328118443489075,0.2110448032617569,-0.5193493366241455,2795.509765625,905.7334594726562,764.2637939453125,912.1060180664062,669.6640625,0.40480145812034607,0.1845526248216629,0.3437584340572357,2.1964573860168457
Anantapur,2020,Kharif,Rice,20037.0,2.724011,1.775635,104.442093,119.706128,299.181965,523.330186,25.726709,26.361073,485.430247,8.55164,52.008599,1.755928,7.174609,0.199572,0.571689,0.228739,403.624058,0.372117,0.003386,data\processed\tiles\Anantapur_2020.npy,0.3893,0.6115274234693877,0.4112204611301422,0.14365793764591217,0.4123961329460144,0.22919756174087524,0.5926872491836548,-0.4283914268016815,0.1085536777973175,-0.4407637119293213,3154.71728515625,610.5914306640625,1309.50146484375,1236.253173828125,881.1925659179688,0.32411226630210876,0.1261412352323532,0.29019060730934143,1.6132361888885498
Chittoor,2020,Kharif,Rice,29724.0,3.633629,7.666485,292.973568,208.27794,293.11962,794.371127,26.23305,27.487681,467.993159,11.719258,46.294552,3.623439,6.511106,0.368812,0.368996,0.262192,586.093187,0.000184,0.009639,data\processed\tiles\Chittoor_2020.npy,0.5342,0.46651785714285715,0.5640583038330078,0.15703323483467102,0.5761438608169556,0.35806959867477417,0.7587743997573853,-0.5230787396430969,0.1142946109175682,-0.533858597278595,3166.064697265625,475.5234069824219,898.8106079101562,987.732421875,649.2529907226562,0.41852548718452454,0.12233863770961761,0.37530162930488586,2.423630475997925
East Godavari,2020,Kharif,Rice,220431.0,2.259301,3.546754,490.294239,405.847925,494.57002,1390.712184,27.049056,31.072053,181.388693,21.835587,39.950019,4.1866,6.073937,0.352549,0.355624,0.291827,984.864259,0.003075,0.002548,data\processed\tiles\East_Godavari_2020.npy,0.5208,0.4809072066326531,0.5964260697364807,0.23555734753608704,0.6598097681999207,0.306659072637558,0.815618634223938,-0.5115906000137329,0.2103954404592514,-0.5664671659469604,2899.162109375,883.3051147460938,659.1246337890625,852.635498046875,656.39892578125,0.46396493911743164,0.20316839218139648,0.3813326060771942,2.6778411865234375
Guntur,2020,Kharif,Rice,213628.0,3.127333,11.47459,416.440705,323.865175,508.352514,1248.658395,28.081613,30.894568,84.255991,10.986789,41.430849,1.112679,6.579975,0.333511,0.407119,0.259371,924.79322,0.073608,0.009182,data\processed\tiles\Guntur_2020.npy,0.4831,0.5178770727040817,0.44599464535713196,0.18892963230609894,0.4542708396911621,0.21047084033489227,0.6887362003326416,-0.4198545515537262,0.15624363720417023,-0.43331286311149597,2533.541748046875,690.7776489257812,924.48876953125,977.4091796875,732.1049194335938,0.31757980585098267,0.15371790528297424,0.27895036339759827,1.6954035758972168
Kadapa,2020,Kharif,Rice,36780.0,1.908673,13.802486,234.874803,188.83097,302.710332,726.416105,27.420398,28.785538,289.472676,11.253384,44.788077,3.601214,6.867941,0.323334,0.416718,0.259949,537.585135,0.093384,0.018975,data\processed\tiles\Kadapa_2020.npy,0.4493,0.5510801977040817,0.49331629276275635,0.2097243219614029,0.5157432556152344,0.19995811581611633,0.7477302551269531,-0.4658559560775757,0.16534902155399323,-0.4915052354335785,2870.4697265625,638.4902954101562,954.759521484375,1005.1173095703125,685.1693115234375,0.35896021127700806,0.16064278781414032,0.3223070204257965,2.050933599472046
Krishna,2020,Kharif,Rice,250926.0,3.239334,8.823243,483.576054,380.072984,505.669845,1369.318883,28.065429,31.415302,46.687282,13.913868,39.88285,0.86344,6.190167,0.353151,0.369286,0.277564,989.245899,0.016135,0.006439,data\processed\tiles\Krishna_2020.npy,0.6816,0.31947544642857145,0.4863542914390564,0.23726269602775574,0.5335659980773926,0.1342795491218567,0.7492452263832092,-0.4204333424568176,0.22506405413150787,-0.48150187730789185,2538.180908203125,953.7752075195312,769.7508544921875,907.4151000976562,659.456787109375,0.3508193790912628,0.19812142848968506,0.3046833574771881,1.9160728454589844
Kurnool,2020,Kharif,Rice,83979.0,2.944069,2.499015,331.909124,148.108256,423.636087,903.653467,26.336105,30.899585,356.470752,10.18256,44.723202,1.706942,7.145394,0.367297,0.468804,0.163899,755.545211,0.101507,0.002762,data\processed\tiles\Kurnool_2020.npy,0.3954,0.6052096619897959,0.41771626472473145,0.19301001727581024,0.40878826379776,0.19781221449375153,0.6872754693031311,-0.4185141623020172,0.15900497138500214,-0.4296685457229614,2649.54296875,694.5586547851562,1059.8013916015625,1038.3824462890625,776.687744140625,0.30276086926460266,0.14937596023082733,0.2691488564014435,1.6722878217697144
Nellore,2020,Kharif,Rice,88911.0,3.599993,25.226365,178.117273,307.684748,280.172318,765.974339,28.81426,29.411281,78.208705,11.915617,44.391867,1.4678,6.700981,0.232537,0.365772,0.401691,458.289591,0.133236,0.032891,data\processed\tiles\Nellore_2020.npy,0.4879,0.5126554528061225,0.439381867647171,0.23306503891944885,0.4792742133140564,0.1764337569475174,0.6848556995391846,-0.4231877028942108,0.22827626764774323,-0.4745487868785858,2732.35498046875,758.252197265625,1007.5682373046875,1024.6829833984375,691.6084594726562,0.31483516097068787,0.15771882236003876,0.28974273800849915,1.8315407037734985
Prakasam,2020,Kharif,Rice,26622.0,3.397416,13.834533,292.70345,273.01298,470.088073,1035.804503,27.817889,29.057219,181.455793,11.564427,44.93489,2.558736,6.864488,0.282586,0.453839,0.263576,762.791522,0.171253,0.013343,data\processed\tiles\Prakasam_2020.npy,0.3682,0.6322943239795918,0.4575132131576538,0.19225142896175385,0.4615269899368286,0.20149996876716614,0.7189377546310425,-0.4590663015842438,0.13954193890094757,-0.4736277759075165,2832.592529296875,587.486328125,1048.500732421875,1021.5686645507812,705.5327758789062,0.32809698581695557,0.151072159409523,0.29935121536254883,1.9397927522659302
Srikakulam,2020,Kharif,Rice,195124.0,2.586268,3.470673,352.901519,359.374486,407.210418,1119.486423,27.774577,29.635969,83.366273,12.383356,41.846612,2.765763,6.314286,0.315235,0.363748,0.321017,760.111937,0.048512,0.003097,data\processed\tiles\Srikakulam_2020.npy,0.6326,0.3681640625,0.5648961663246155,0.18548810482025146,0.5804779529571533,0.3587587773799896,0.7873175144195557,-0.5013951659202576,0.15183405578136444,-0.5174555778503418,2988.363037109375,746.93212890625,787.4306030273438,937.79345703125,624.76025390625,0.42080020904541016,0.16592012345790863,0.3692663609981537,2.323702573776245
Visakhapatnam,2020,Kharif,Rice,102722.0,2.432274,1.095273,514.091463,302.476353,507.833002,1324.400819,25.235038,30.571035,505.512859,18.669241,42.95127,7.616594,6.048488,0.388169,0.383444,0.228387,1021.924465,-0.004726,0.000826,data\processed\tiles\Visakhapatnam_2020.npy,0.5363,0.46406648596938777,0.6904832124710083,0.15987154841423035,0.7281287312507629,0.5033558011054993,0.8411850929260254,-0.5911989808082581,0.13387790322303772,-0.613914966583252,3202.44677734375,647.2858276367188,565.8565673828125,797.9411010742188,556.7621459960938,0.5295689702033997,0.14746500551700592,0.4462820291519165,3.2856903076171875
Vizianagaram,2020,Kharif,Rice,108497.0,2.860715,4.237565,489.775654,309.442367,470.722834,1269.940855,27.065304,30.027398,190.78821,13.505526,42.450759,4.188456,6.362886,0.385668,0.370665,0.243667,960.498488,-0.015003,0.003334,data\processed\tiles\Vizianagaram_2020.npy,0.5538,0.44746492346938777,0.6125654578208923,0.15862998366355896,0.6310620307922363,0.4318300485610962,0.7901783585548401,-0.5336534976959229,0.12453041225671768,-0.5489224195480347,3184.132568359375,638.2022705078125,736.0931396484375,931.0509643554688,620.943603515625,0.4738462567329407,0.15015526115894318,0.4069633185863495,2.532637596130371
West Godavari,2020,Kharif,Rice,223249.0,2.562448,6.673873,552.472263,440.743456,497.253412,1490.46913,27.68998,30.765663,71.856191,23.062563,40.682445,1.259625,6.046937,0.37067,0.333622,0.295708,1049.725674,-0.037048,0.004475,data\processed\tiles\West_Godavari_2020.npy,0.4425,0.5585738201530612,0.5092045664787292,0.21692818403244019,0.5459339618682861,0.20215201377868652,0.7562603950500488,-0.4322402775287628,0.21604375541210175,-0.4826579689979553,2672.5537109375,929.079833984375,774.1541137695312,941.2167358398438,745.1358032226562,0.3949801027774811,0.1951165646314621,0.3236219584941864,1.9883410930633545
Anantapur,2021,Kharif,Rice,23267.0,2.080672,1.172883,77.867801,153.308152,128.924012,360.099965,25.63927,26.361073,485.430247,8.55164,52.008599,1.755928,7.174609,0.216239,0.358023,0.425738,206.791813,0.141783,0.003248,data\processed\tiles\Anantapur_2021.npy,0.3893,0.6115274234693877,0.37609171867370605,0.13953952491283417,0.36998188495635986,0.21194332838058472,0.5570768713951111,-0.41034796833992004,0.11144315451383591,-0.41994503140449524,2952.837890625,574.002685546875,1332.5836181640625,1207.2137451171875,881.1483154296875,0.286050409078598,0.11615744233131409,0.2597729563713074,1.4992307424545288
Chittoor,2021,Kharif,Rice,38721.0,3.504662,7.187255,266.496311,228.225607,242.906547,737.628465,26.432494,27.487681,467.993159,11.719258,46.294552,3.623439,6.511106,0.361288,0.329307,0.309405,509.402858,-0.031981,0.009731,data\processed\tiles\Chittoor_2021.npy,0.5341,0.466617506377551,0.5394827127456665,0.157967671751976,0.5476255416870117,0.33858171105384827,0.7391347289085388,-0.5046426653862,0.11839614063501358,-0.5141263604164124,3151.501220703125,485.9979248046875,953.81298828125,1028.2664794921875,692.91015625,0.40547168254852295,0.12453299015760422,0.361834317445755,2.252401113510132
East Godavari,2021,Kharif,Rice,229825.0,2.323333,2.794878,413.716821,192.123412,611.167294,1217.007527,27.257421,31.072053,181.388693,21.835587,39.950019,4.1866,6.073937,0.339946,0.502189,0.157865,1024.884115,0.162243,0.002295,data\processed\tiles\East_Godavari_2021.npy,0.5199,0.48146524234693877,0.6028764843940735,0.23124109208583832,0.6607546210289001,0.32125717401504517,0.8160929679870605,-0.5226225256919861,0.20424982905387878,-0.574093222618103,2976.759765625,832.240966796875,665.0283203125,850.8146362304688,626.46240234375,0.4648471474647522,0.1934819519519806,0.3911026418209076,2.753873586654663
Guntur,2021,Kharif,Rice,222643.0,2.937335,21.013815,327.647799,112.209538,402.502732,842.36007,28.611816,30.894568,84.255991,10.986789,41.430849,1.112679,6.579975,0.388964,0.477827,0.133209,730.150532,0.088863,0.024917,data\processed\tiles\Guntur_2021.npy,0.4831,0.5178970025510204,0.38680800795555115,0.18276947736740112,0.373843252658844,0.17945930361747742,0.645740270614624,-0.38962411880493164,0.15024149417877197,-0.3963719606399536,2468.70166015625,678.5673828125,1040.91259765625,1025.7471923828125,784.8050537109375,0.2765945494174957,0.15053877234458923,0.24540263414382935,1.4765853881835938
Kadapa,2021,Kharif,Rice,52146.0,1.672669,10.461433,178.879875,158.830871,198.11428,535.825026,27.732856,28.785538,289.472676,11.253384,44.788077,3.601214,6.867941,0.33384,0.369737,0.296423,376.994155,0.035897,0.019488,data\processed\tiles\Kadapa_2021.npy,0.4493,0.5510403380102041,0.4222167134284973,0.19826754927635193,0.42560288310050964,0.16858825087547302,0.6787161231040955,-0.4182039797306061,0.16186615824699402,-0.43595752120018005,2798.124267578125,645.7411499023438,1117.51318359375,1106.1580810546875,810.8909301757812,0.3154580593109131,0.1555696725845337,0.27960044145584106,1.6787265539169312
Krishna,2021,Kharif,Rice,247769.0,3.418002,14.44768,393.469619,130.683501,500.224693,1024.377813,28.519286,31.415302,46.687282,13.913868,39.88285,0.86344,6.190167,0.384106,0.488321,0.127574,893.694312,0.104215,0.01409,data\processed\tiles\Krishna_2021.npy,0.6816,0.31947544642857145,0.45639142394065857,0.21753671765327454,0.49313971400260925,0.1523773968219757,0.70355623960495,-0.3995053768157959,0.21031111478805542,-0.45110392570495605,2514.197998046875,915.2655639648438,831.052490234375,952.4716186523438,722.4021606445312,0.3383708596229553,0.18456199765205383,0.28880372643470764,1.691358208656311
Kurnool,2021,Kharif,Rice,85481.0,3.109007,2.976171,251.358212,116.79619,228.525643,596.680045,26.469924,30.899585,356.470752,10.18256,44.723202,1.706942,7.145394,0.421261,0.382995,0.195743,479.883855,-0.038266,0.00498,data\processed\tiles\Kurnool_2021.npy,0.3954,0.6052096619897959,0.3968740701675415,0.19436968863010406,0.3738655745983124,0.17985305190086365,0.692738950252533,-0.4097970426082611,0.15515300631523132,-0.4161349833011627,2657.865234375,688.5907592773438,1120.639404296875,1064.2352294921875,809.6536254882812,0.29175809025764465,0.1604892462491989,0.2584069073200226,1.615952730178833
Nellore,2021,Kharif,Rice,52223.0,3.764663,35.607936,144.474669,138.046989,210.296184,492.817842,29.341528,29.411281,78.208705,11.915617,44.391867,1.4678,6.700981,0.29316,0.426722,0.280118,354.770853,0.133562,0.072107,data\processed\tiles\Nellore_2021.npy,0.4879,0.5126554528061225,0.3685503900051117,0.2090611457824707,0.3880438804626465,0.14351363480091095,0.6054449081420898,-0.38464903831481934,0.20607730746269226,-0.42733973264694214,2760.42236328125,734.6577758789062,1232.359375,1156.3973388671875,828.4715576171875,0.2726830840110779,0.14523845911026,0.2501870095729828,1.5075486898422241
Prakasam,2021,Kharif,Rice,33260.0,3.079345,17.996612,219.635165,128.19915,324.068876,671.903191,28.290678,29.057219,181.455793,11.564427,44.93489,2.558736,6.864488,0.326885,0.482315,0.1908,543.704041,0.15543,0.026745,data\processed\tiles\Prakasam_2021.npy,0.3682,0.6322943239795918,0.4100857377052307,0.18445220589637756,0.39201605319976807,0.181138277053833,0.6815427541732788,-0.43146055936813354,0.12677901983261108,-0.4359743297100067,2798.127197265625,553.7156982421875,1165.9075927734375,1085.6199951171875,785.5907592773438,0.3009936213493347,0.1522073745727539,0.2716028690338135,1.6998353004455566
Srikakulam,2021,Kharif,Rice,197038.0,2.612085,3.434921,351.003591,214.140671,622.960934,1188.105196,27.83635,29.635969,83.366273,12.383356,41.846612,2.765763,6.314286,0.295431,0.524331,0.180237,973.964526,0.2289,0.002889,data\processed\tiles\Srikakulam_2021.npy,0.6326,0.36818399234693877,0.5229405760765076,0.1720714420080185,0.5330581665039062,0.3122914135456085,0.7371916770935059,-0.4678412675857544,0.137529656291008,-0.48034045100212097,2994.5517578125,682.57177734375,900.5983276367188,1038.4248046875,769.7404174804688,0.4151385426521301,0.1669946014881134,0.34751778841018677,1.9907664060592651
Visakhapatnam,2021,Kharif,Rice,98935.0,2.470946,0.886378,420.994914,181.895555,695.239818,1298.130287,25.288418,30.571035,505.512859,18.669241,42.95127,7.616594,6.048488,0.324309,0.53557,0.140121,1116.234732,0.211261,0.000682,data\processed\tiles\Visakhapatnam_2021.npy,0.5363,0.46406648596938777,0.668748140335083,0.15682044625282288,0.7081013917922974,0.47638005018234253,0.8188397884368896,-0.5799381136894226,0.12535595893859863,-0.6039208173751831,3199.422119140625,604.4683837890625,613.08544921875,824.17919921875,567.1502075195312,0.512216329574585,0.14706246554851532,0.4360021650791168,3.0846011638641357
Vizianagaram,2021,Kharif,Rice,127872.0,2.92695,2.965193,430.700536,200.649182,699.246854,1330.596572,27.098668,30.027398,190.78821,13.505526,42.450759,4.188456,6.362886,0.32369,0.525514,0.150796,1129.94739,0.201824,0.002227,data\processed\tiles\Vizianagaram_2021.npy,0.5539,0.44746492346938777,0.6054182052612305,0.14319665729999542,0.6257822513580322,0.4386545717716217,0.7594684362411499,-0.5275941491127014,0.11360661685466766,-0.5424864292144775,3149.339111328125,601.8551025390625,749.048095703125,943.1134033203125,657.6239624023438,0.47380200028419495,0.14386314153671265,0.40042760968208313,2.4387881755828857
West Godavari,2021,Kharif,Rice,221874.0,3.042677,8.513361,442.284154,165.631806,563.305634,1171.221594,28.016492,30.765663,71.856191,23.062563,40.682445,1.259625,6.046937,0.377626,0.480956,0.141418,1005.589788,0.103329,0.007263,data\processed\tiles\West_Godavari_2021.npy,0.4419,0.5587133290816326,0.5352330207824707,0.21943719685077667,0.5835554003715515,0.22338229417800903,0.7675906419754028,-0.4608386158943176,0.22026509046554565,-0.5190576910972595,2756.580810546875,886.0956420898438,738.9991455078125,899.0345458984375,676.3497924804688,0.4063837230205536,0.18427635729312897,0.34355807304382324,2.215949535369873
