system:index,District,HeatStressDays_gt35C,Rain_Early_mm,Rain_Late_mm,Rain_Mid_mm,Rain_Total_mm,Season,Temp_Mean_C,Year,.geo
1_1_1_1_2_00020000000000000222,Anantapur,5.12758343983119,69.29452862567658,212.22511561207142,302.2213138617426,583.7409580994905,Kharif,26.221426250248516,2017,"{""type"":""MultiPoint"",""coordinates"":[]}"
1_1_1_1_2_00020000000000000223,Chittoor,12.76066087193337,219.7091309913501,281.3812405414387,378.1996316942779,879.2900032270667,Kharif,26.651804560199064,2017,"{""type"":""MultiPoint"",""coordinates"":[]}"
1_1_1_1_2_00020000000000000224,Kadapa,21.166512111822307,192.15859368298965,189.70901316416806,327.4043345438635,709.2719413910212,Kharif,27.998659369475174,2017,"{""type"":""MultiPoint"",""coordinates"":[]}"
1_1_1_1_2_00020000000000000225,East Godavari,5.477582803246329,507.27310492413477,198.75286029269944,409.5665240729613,1115.5924892897951,Kharif,27.319767075969267,2017,"{""type"":""MultiPoint"",""coordinates"":[]}"
1_1_1_1_2_00020000000000000226,Guntur,8.722237195420199,344.3056252110377,122.36473065839894,319.61968485241107,786.2900407218481,Kharif,28.534544755114688,2017,"{""type"":""MultiPoint"",""coordinates"":[]}"
1_1_1_1_2_0002000000000000022a,Krishna,6.346815415256477,437.02146206306537,148.06943052055664,317.8413821545996,902.932274738222,Kharif,28.387650618918368,2017,"{""type"":""MultiPoint"",""coordinates"":[]}"
1_1_1_1_2_0002000000000000022b,Kurnool,7.794762282294573,237.03821031213062,161.0639252737825,355.9325714883953,754.034707074308,Kharif,27.029811319414137,2017,"{""type"":""MultiPoint"",""coordinates"":[]}"
1_1_1_1_2_0002000000000000022f,Nellore,42.109115693557534,180.74576297104844,190.4538743087081,247.35429252733516,618.5539298070918,Kharif,29.439755499477254,2017,"{""type"":""MultiPoint"",""coordinates"":[]}"
1_1_1_1_2_00020000000000000231,Prakasam,20.439481108410796,248.2509934402286,123.2863410052211,331.9890791504751,703.5264135959251,Kharif,28.4314735281133,2017,"{""type"":""MultiPoint"",""coordinates"":[]}"
1_1_1_1_2_00020000000000000233,Srikakulam,5.727756068234767,567.3283335916658,228.00395871751567,442.5982300220741,1237.930522331256,Kharif,27.896859928573445,2017,"{""type"":""MultiPoint"",""coordinates"":[]}"
1_1_1_1_2_00020000000000000234,Vishakhapatnam,2.9310643963847633,552.8336721817558,206.21859184319842,529.8726517806203,1288.924915805574,Kharif,25.415131310936662,2017,"{""type"":""MultiPoint"",""coordinates"":[]}"
1_1_1_1_2_00020000000000000235,Vizianagaram,5.4694606313889365,617.9655831354402,217.36280302963448,535.8808367263788,1371.2092228914532,Kharif,27.25005597925305,2017,"{""type"":""MultiPoint"",""coordinates"":[]}"
1_1_1_1_2_00020000000000000237,West Godavari,6.170062455206307,519.4930779463256,183.94903465947263,362.0747716869304,1065.5168842927292,Kharif,27.95712193242315,2017,"{""type"":""MultiPoint"",""coordinates"":[]}"
1_1_1_2_00020000000000000222,Anantapur,6.01272030195857,62.85629058984742,46.79424574712865,121.28414194779104,230.93467828476724,Kharif,26.231656681505108,2018,"{""type"":""MultiPoint"",""coordinates"":[]}"
1_1_1_2_00020000000000000223,Chittoor,16.562414421774886,211.90766080067297,102.02346053741907,221.08082272229802,535.0119440603894,Kharif,26.83730223926615,2018,"{""type"":""MultiPoint"",""coordinates"":[]}"
1_1_1_2_00020000000000000224,Kadapa,32.59500599371226,168.79792250764424,63.75780798733177,198.92154031363148,431.47727080860733,Kharif,28.442150444765733,2018,"{""type"":""MultiPoint"",""coordinates"":[]}"
1_1_1_2_00020000000000000225,East Godavari,8.182572932660674,505.4396977046496,85.44990768768481,564.7961827533508,1155.685788145685,Kharif,27.132456262487825,2018,"{""type"":""MultiPoint"",""coordinates"":[]}"
1_1_1_2_00020000000000000226,Guntur,30.10562093852005,333.839375514388,66.81001849919633,310.4097871167835,711.0591811303677,Kharif,29.08695592500115,2018,"{""type"":""MultiPoint"",""coordinates"":[]}"
1_1_1_2_0002000000000000022a,Krishna,17.392972046964427,453.1535255926035,70.32315770556252,413.11221965134956,936.5889029495157,Kharif,28.63796412196827,2018,"{""type"":""MultiPoint"",""coordinates"":[]}"
1_1_1_2_0002000000000000022b,Kurnool,10.315893455410354,245.19645129470456,39.85695877710724,187.8869676911822,472.9403777629941,Kharif,27.1368681948786,2018,"{""type"":""MultiPoint"",""coordinates"":[]}"
1_1_1_2_0002000000000000022f,Nellore,63.760141254825896,142.65988598202418,88.74396711351555,198.87100801052182,430.27486110606156,Kharif,29.89503630960796,2018,"{""type"":""MultiPoint"",""coordinates"":[]}"
1_1_1_2_00020000000000000231,Prakasam,38.341866419947756,212.94621163015802,60.27687722896409,245.3278885241293,518.5509773832515,Kharif,28.834280728508944,2018,"{""type"":""MultiPoint"",""coordinates"":[]}"
1_1_1_2_00020000000000000233,Srikakulam,8.735120613211093,454.66313864851446,143.5170511746494,605.7153989731061,1203.8955887962707,Kharif,27.80821354795279,2018,"{""type"":""MultiPoint"",""coordinates"":[]}"
1_1_1_2_00020000000000000234,Vishakhapatnam,4.303350952227244,536.8036141378411,104.97599721687953,712.317388490843,1354.096999845563,Kharif,25.144825109976473,2018,"{""type"":""MultiPoint"",""coordinates"":[]}"
1_1_1_2_00020000000000000235,Vizianagaram,9.205309317793871,550.4726678784465,104.46875366722604,704.0129878412172,1358.954409386889,Kharif,27.06283185092186,2018,"{""type"":""MultiPoint"",""coordinates"":[]}"
1_1_1_2_00020000000000000237,West Godavari,12.663955886439755,529.9057289887568,80.26237381899693,520.0919462000151,1130.2600490077689,Kharif,27.98277857852623,2018,"{""type"":""MultiPoint"",""coordinates"":[]}"
1_1_2_00020000000000000222,Anantapur,10.809195470621459,52.70054821402913,161.63861260612387,240.3993702733269,454.7385310934799,Kharif,26.171180980070332,2019,"{""type"":""MultiPoint"",""coordinates"":[]}"
1_1_2_00020000000000000223,Chittoor,18.603507099683036,194.30665858612034,220.30586148069972,308.02350772725333,722.6360277940743,Kharif,26.74854966733844,2019,"{""type"":""MultiPoint"",""coordinates"":[]}"
1_1_2_00020000000000000224,Kadapa,26.36846628819579,148.4420477841659,234.8500437660028,264.3208259400084,647.6129174901768,Kharif,27.957925787439166,2019,"{""type"":""MultiPoint"",""coordinates"":[]}"
1_1_2_00020000000000000225,East Godavari,16.696973020399216,332.3626792731977,370.0909451530274,518.3277708452499,1220.7813952714748,Kharif,27.36728842955892,2019,"{""type"":""MultiPoint"",""coordinates"":[]}"
1_1_2_00020000000000000226,Guntur,30.94793319957278,268.78780971005926,238.412164614702,333.4308856254693,840.6308599502306,Kharif,28.873443745452995,2019,"{""type"":""MultiPoint"",""coordinates"":[]}"
1_1_2_0002000000000000022a,Krishna,27.55043942116185,319.69605232581046,277.3161593438302,386.83551809610697,983.8477297657482,Kharif,28.682821108738892,2019,"{""type"":""MultiPoint"",""coordinates"":[]}"
1_1_2_0002000000000000022b,Kurnool,16.28571519909977,182.9651130918574,140.46081824991663,371.94124100658854,695.367172348363,Kharif,26.95314893249324,2019,"{""type"":""MultiPoint"",""coordinates"":[]}"
1_1_2_0002000000000000022f,Nellore,48.87483761184201,126.97137497172261,300.5759809381841,242.48690255441454,670.0342584643209,Kharif,29.576407267341327,2019,"{""type"":""MultiPoint"",""coordinates"":[]}"
1_1_2_00020000000000000231,Prakasam,32.20983704823397,195.84469176972607,252.07072037185122,321.87975383275995,769.7951659743372,Kharif,28.533653231404895,2019,"{""type"":""MultiPoint"",""coordinates"":[]}"
1_1_2_00020000000000000233,Srikakulam,13.812016232058319,315.18455870458394,361.75962962418834,656.2636237412131,1333.2078120699857,Kharif,27.782404166693944,2019,"{""type"":""MultiPoint"",""coordinates"":[]}"
1_1_2_00020000000000000234,Vishakhapatnam,8.172974499677206,334.73236803150274,376.11395618800117,687.9300592729828,1398.7763834924863,Kharif,25.41612207082779,2019,"{""type"":""MultiPoint"",""coordinates"":[]}"
1_1_2_00020000000000000235,Vizianagaram,17.33427511919478,341.5610995181537,385.84828950538144,687.1511433858575,1414.5605324093926,Kharif,27.16356801244877,2019,"{""type"":""MultiPoint"",""coordinates"":[]}"
1_1_2_00020000000000000237,West Godavari,22.387690327487604,359.86152668940775,364.34990774528364,464.9156922453194,1189.12712668001,Kharif,28.149563250441048,2019,"{""type"":""MultiPoint"",""coordinates"":[]}"
1_2_00020000000000000222,Anantapur,1.7756352720896365,104.4420930448987,119.70612835823688,299.1819648849488,523.3301862880842,Kharif,25.726709307302848,2020,"{""type"":""MultiPoint"",""coordinates"":[]}"
1_2_00020000000000000223,Chittoor,7.666485108443212,292.9735677098339,208.27793951220244,293.1196195688932,794.3711267909298,Kharif,26.233049845172545,2020,"{""type"":""MultiPoint"",""coordinates"":[]}"
1_2_00020000000000000224,Kadapa,13.802486448178898,234.87480344875095,188.83096996063628,302.7103320250206,726.4161054344075,Kharif,27.420398063290907,2020,"{""type"":""MultiPoint"",""coordinates"":[]}"
1_2_00020000000000000225,East Godavari,3.5467536740513284,490.294238657015,405.8479248492857,494.57002010237227,1390.712183608674,Kharif,27.04905620663954,2020,"{""type"":""MultiPoint"",""coordinates"":[]}"
1_2_00020000000000000226,Guntur,11.474590483035376,416.44070544591415,323.8651749406241,508.3525141991489,1248.6583945856862,Kharif,28.081612833834914,2020,"{""type"":""MultiPoint"",""coordinates"":[]}"
1_2_0002000000000000022a,Krishna,8.823242663546838,483.57605421913075,380.07298443750335,505.6698445674023,1369.3188832240369,Kharif,28.0654293038657,2020,"{""type"":""MultiPoint"",""coordinates"":[]}"
1_2_0002000000000000022b,Kurnool,2.4990153704508846,331.9091241070631,148.10825616278998,423.6360868182283,903.6534670880816,Kharif,26.336105009767554,2020,"{""type"":""MultiPoint"",""coordinates"":[]}"
1_2_0002000000000000022f,Nellore,25.226364517958768,178.11727338662814,307.6847476581726,280.17231771566475,765.9743387604655,Kharif,28.814260297944568,2020,"{""type"":""MultiPoint"",""coordinates"":[]}"
1_2_00020000000000000231,Prakasam,13.834533264703783,292.70344989178903,273.01298044896447,470.08807258015605,1035.8045029209095,Kharif,27.817888579678982,2020,"{""type"":""MultiPoint"",""coordinates"":[]}"
1_2_00020000000000000233,Srikakulam,3.470673329826405,352.90151880656583,359.37448605950027,407.2104179670128,1119.4864228330784,Kharif,27.774576909303338,2020,"{""type"":""MultiPoint"",""coordinates"":[]}"
1_2_00020000000000000234,Vishakhapatnam,1.0952731601032921,514.0914629987905,302.47635345291144,507.83300228947064,1324.4008187411723,Kharif,25.235038011358515,2020,"{""type"":""MultiPoint"",""coordinates"":[]}"
1_2_00020000000000000235,Vizianagaram,4.237565483548181,489.7756541246428,309.44236687243955,470.72283371899033,1269.9408547160722,Kharif,27.06530413596139,2020,"{""type"":""MultiPoint"",""coordinates"":[]}"
1_2_00020000000000000237,West Godavari,6.673872661586392,552.472262764603,440.7434556288411,497.2534115704556,1490.4691299638996,Kharif,27.68998041281722,2020,"{""type"":""MultiPoint"",""coordinates"":[]}"
2_00020000000000000222,Anantapur,1.17288316937617,77.86780074836595,153.30815189992387,128.92401234645573,360.09996499474573,Kharif,25.639270059813498,2021,"{""type"":""MultiPoint"",""coordinates"":[]}"
2_00020000000000000223,Chittoor,7.187254612713615,266.49631143555365,228.22560693194515,242.90654706267327,737.6284654301719,Kharif,26.432493842502637,2021,"{""type"":""MultiPoint"",""coordinates"":[]}"
2_00020000000000000224,Kadapa,10.461432911888668,178.87987519688355,158.83087115666106,198.1142800835746,535.8250264371194,Kharif,27.732855821638857,2021,"{""type"":""MultiPoint"",""coordinates"":[]}"
2_00020000000000000225,East Godavari,2.7948782627769253,413.7168207219768,192.12341190375452,611.1672939799893,1217.0075266057202,Kharif,27.257421136504274,2021,"{""type"":""MultiPoint"",""coordinates"":[]}"
2_00020000000000000226,Guntur,21.013815270665525,327.64779929064525,112.20953808416417,402.5027323679968,842.3600697428059,Kharif,28.611815956389556,2021,"{""type"":""MultiPoint"",""coordinates"":[]}"
2_0002000000000000022a,Krishna,14.447680329809598,393.46961897368385,130.6835009093282,500.2246929226794,1024.3778128056913,Kharif,28.519286439340686,2021,"{""type"":""MultiPoint"",""coordinates"":[]}"
2_0002000000000000022b,Kurnool,2.976170686171709,251.35821181542207,116.79618962605383,228.5256431655554,596.6800446070313,Kharif,26.469924204595134,2021,"{""type"":""MultiPoint"",""coordinates"":[]}"
2_0002000000000000022f,Nellore,35.60793552046548,144.47466890921422,138.04698911347535,210.29618374911786,492.8178417718073,Kharif,29.341528169771983,2021,"{""type"":""MultiPoint"",""coordinates"":[]}"
2_00020000000000000231,Prakasam,17.996611958483456,219.63516494381642,128.1991500946002,324.06887611549723,671.903191153914,Kharif,28.290678330695993,2021,"{""type"":""MultiPoint"",""coordinates"":[]}"
2_00020000000000000233,Srikakulam,3.4349214699030584,351.0035911595195,214.14067078299456,622.9609343796117,1188.105196322125,Kharif,27.83634998815769,2021,"{""type"":""MultiPoint"",""coordinates"":[]}"
2_00020000000000000234,Vishakhapatnam,0.8863783085861844,420.9949136087494,181.8955553276931,695.2398183862244,1298.1302873226682,Kharif,25.288418202891506,2021,"{""type"":""MultiPoint"",""coordinates"":[]}"
2_00020000000000000235,Vizianagaram,2.965193164204291,430.7005358967131,200.64918214147605,699.2468543271688,1330.596572365358,Kharif,27.098667892369622,2021,"{""type"":""MultiPoint"",""coordinates"":[]}"
2_00020000000000000237,West Godavari,8.51336131872632,442.2841541758421,165.63180582378524,563.3056335605033,1171.2215935601298,Kharif,28.016491682278296,2021,"{""type"":""MultiPoint"",""coordinates"":[]}"
