system:index,Clay_pct,District,Elevation_m,OrganicCarbon_g_kg,Sand_pct,Slope_deg,Soil_pH,.geo
00020000000000000222,26.361072950181402,Anantapur,485.4302467999777,8.551640120025558,52.00859876651742,1.755927912527486,7.174609122868158,"{""type"":""MultiPoint"",""coordinates"":[]}"
00020000000000000223,27.48768060341229,Chittoor,467.9931585638538,11.719258428638028,46.29455227947856,3.6234392153671315,6.511106006197225,"{""type"":""MultiPoint"",""coordinates"":[]}"
00020000000000000224,28.785538474193213,Kadapa,289.4726759458677,11.253383658250387,44.788076525232874,3.601213680405515,6.867941065212564,"{""type"":""MultiPoint"",""coordinates"":[]}"
00020000000000000225,31.07205306751368,East Godavari,181.38869329202703,21.835587008734382,39.950019378594035,4.1865996208553,6.073937141733289,"{""type"":""MultiPoint"",""coordinates"":[]}"
00020000000000000226,30.894568173913747,Guntur,84.25599082676347,10.986788721903043,41.43084869171628,1.1126789330435907,6.579975060008255,"{""type"":""MultiPoint"",""coordinates"":[]}"
0002000000000000022a,31.415302100162375,Krishna,46.68728171940215,13.913868192317489,39.882850199168985,0.863439655111506,6.19016713265202,"{""type"":""MultiPoint"",""coordinates"":[]}"
0002000000000000022b,30.899585434883384,Kurnool,356.470752321158,10.182559987192821,44.72320233011692,1.7069423016599212,7.145393963561336,"{""type"":""MultiPoint"",""coordinates"":[]}"
0002000000000000022f,29.41128112337575,Nellore,78.20870469598974,11.91561720335209,44.391867298719426,1.4677999572062674,6.70098107242101,"{""type"":""MultiPoint"",""coordinates"":[]}"
00020000000000000231,29.057218701527436,Prakasam,181.45579250545467,11.564427037210605,44.93489034278766,2.558736399513169,6.864488389534964,"{""type"":""MultiPoint"",""coordinates"":[]}"
00020000000000000233,29.635969304772257,Srikakulam,83.36627298536108,12.383355674030112,41.84661222884483,2.765763009771481,6.3142863640950875,"{""type"":""MultiPoint"",""coordinates"":[]}"
00020000000000000234,30.571035403711043,Vishakhapatnam,505.51285908007316,18.669241042972274,42.95127003841333,7.61659420799825,6.0484878444801495,"{""type"":""MultiPoint"",""coordinates"":[]}"
00020000000000000235,30.02739818537894,Vizianagaram,190.78820960628184,13.505526423220564,42.45075868793561,4.188456239004312,6.362886013578803,"{""type"":""MultiPoint"",""coordinates"":[]}"
00020000000000000237,30.76566326869832,West Godavari,71.85619057673796,23.06256337861543,40.6824450209081,1.259625166021962,6.0469369491844605,"{""type"":""MultiPoint"",""coordinates"":[]}"
